⦿──⦿  SIMBA  ⦿──⦿  |       INFO | 2026-05-19 11:40:09 | 
   ⦿──⦿──⦿──⦿──⦿──⦿──⦿──⦿──⦿──⦿──⦿──⦿
       Sea Ice Mass Budget Analysis      
   ⦿──⦿──⦿──⦿──⦿──⦿──⦿──⦿──⦿──⦿──⦿──⦿

        version: 0.1.0


⦿──⦿  SIMBA  ⦿──⦿  |       INFO | 2026-05-19 11:40:09 | ==== Inputs ====
⦿──⦿  SIMBA  ⦿──⦿  |       INFO | 2026-05-19 11:40:09 | Completed: Read & validated config file -> ./configs/EC-Earth3-ESM1_esm-hist_config.toml
⦿──⦿  SIMBA  ⦿──⦿  |       INFO | 2026-05-19 11:40:09 | In Progress: Reading sea ice mass budget variables...
⦿──⦿  SIMBA  ⦿──⦿  |       INFO | 2026-05-19 11:40:11 | --> Completed: Opened 'mask' variable.
⦿──⦿  SIMBA  ⦿──⦿  |       INFO | 2026-05-19 11:40:11 | In Progress: Creating sea ice mass budget dataset from variables.
⦿──⦿  SIMBA  ⦿──⦿  |       INFO | 2026-05-19 11:40:11 | --> Completed: Opened 'areacello' variable.
⦿──⦿  SIMBA  ⦿──⦿  |       INFO | 2026-05-19 11:40:43 | --> Completed: Opened 'siconc' variable.
⦿──⦿  SIMBA  ⦿──⦿  |       INFO | 2026-05-19 11:40:56 | --> Completed: Opened 'sivol' variable.
⦿──⦿  SIMBA  ⦿──⦿  |       INFO | 2026-05-19 11:41:09 | --> Completed: Opened 'simass' variable.
⦿──⦿  SIMBA  ⦿──⦿  |       INFO | 2026-05-19 11:41:24 | --> Completed: Opened 'sidmassth' variable.
⦿──⦿  SIMBA  ⦿──⦿  |       INFO | 2026-05-19 11:41:39 | --> Completed: Opened 'sidmassdyn' variable.
⦿──⦿  SIMBA  ⦿──⦿  |       INFO | 2026-05-19 11:41:53 | --> Completed: Opened 'sidmassgrowthwat' variable.
⦿──⦿  SIMBA  ⦿──⦿  |       INFO | 2026-05-19 11:42:07 | --> Completed: Opened 'sidmassgrowthbot' variable.
⦿──⦿  SIMBA  ⦿──⦿  |       INFO | 2026-05-19 11:42:20 | --> Completed: Opened 'sidmasssi' variable.
⦿──⦿  SIMBA  ⦿──⦿  |       INFO | 2026-05-19 11:42:33 | --> Completed: Opened 'sidmassevapsubl' variable.
⦿──⦿  SIMBA  ⦿──⦿  |       INFO | 2026-05-19 11:42:44 | --> Completed: Opened 'sidmassmelttop' variable.
⦿──⦿  SIMBA  ⦿──⦿  |       INFO | 2026-05-19 11:42:56 | --> Completed: Opened 'sidmassmeltbot' variable.
⦿──⦿  SIMBA  ⦿──⦿  |       INFO | 2026-05-19 11:42:56 | --> Completed: Created sea ice mass budget dataset from variables.
⦿──⦿  SIMBA  ⦿──⦿  |       INFO | 2026-05-19 11:42:56 | ==== Sea Ice Mass Budget Calculation ====
⦿──⦿  SIMBA  ⦿──⦿  |       INFO | 2026-05-19 11:42:56 | In Progress: Calculating Regional Sea Ice Mass Budget...
⦿──⦿  SIMBA  ⦿──⦿  |       INFO | 2026-05-19 11:43:01 | Completed: Calculated Regional Sea Ice Mass Budget.
⦿──⦿  SIMBA  ⦿──⦿  |       INFO | 2026-05-19 11:43:01 | ==== Outputs ====
⦿──⦿  SIMBA  ⦿──⦿  |       INFO | 2026-05-19 11:43:01 | In Progress: Saving Sea Ice Mass Budget Analysis outputs to netCDF file...
⦿──⦿  SIMBA  ⦿──⦿  |       INFO | 2026-05-19 11:44:55 | Completed: Saved Sea Ice Mass Budget Analysis outputs to file -> /g100_work/optim_IAC/research/noc/otooth/OptimESM/WP5/SeaIceMassBudgetMIP/contributions/EC-Earth3-ESM1/outputs//EC-Earth3-ESM1_SIMBA_SH_esm-hist_r1i1p1f1_1850-01-2014-12.nc
⦿──⦿  SIMBA  ⦿──⦿  |       INFO | 2026-05-19 11:44:55 | Completed: Succesfully closed all netcdf files.
⦿──⦿  SIMBA  ⦿──⦿  |       INFO | 2026-05-19 11:44:55 | ✔ SIMBA Completed ✔
⦿──⦿  SIMBA  ⦿──⦿  |       INFO | 2026-05-19 11:47:23 | 
   ⦿──⦿──⦿──⦿──⦿──⦿──⦿──⦿──⦿──⦿──⦿──⦿
       Sea Ice Mass Budget Analysis      
   ⦿──⦿──⦿──⦿──⦿──⦿──⦿──⦿──⦿──⦿──⦿──⦿

        version: 0.1.0


⦿──⦿  SIMBA  ⦿──⦿  |       INFO | 2026-05-19 11:47:23 | ==== Inputs ====
⦿──⦿  SIMBA  ⦿──⦿  |       INFO | 2026-05-19 11:47:23 | Completed: Read & validated config file -> ./configs/EC-Earth3-ESM1_esm-hist_config.toml
⦿──⦿  SIMBA  ⦿──⦿  |       INFO | 2026-05-19 11:47:23 | In Progress: Reading sea ice mass budget variables...
⦿──⦿  SIMBA  ⦿──⦿  |       INFO | 2026-05-19 11:47:23 | --> Completed: Opened 'mask' variable.
⦿──⦿  SIMBA  ⦿──⦿  |       INFO | 2026-05-19 11:47:23 | In Progress: Creating sea ice mass budget dataset from variables.
⦿──⦿  SIMBA  ⦿──⦿  |       INFO | 2026-05-19 11:47:23 | --> Completed: Opened 'areacello' variable.
⦿──⦿  SIMBA  ⦿──⦿  |       INFO | 2026-05-19 11:47:32 | --> Completed: Opened 'siconc' variable.
⦿──⦿  SIMBA  ⦿──⦿  |       INFO | 2026-05-19 11:47:38 | --> Completed: Opened 'sivol' variable.
⦿──⦿  SIMBA  ⦿──⦿  |       INFO | 2026-05-19 11:47:44 | --> Completed: Opened 'simass' variable.
⦿──⦿  SIMBA  ⦿──⦿  |       INFO | 2026-05-19 11:47:50 | --> Completed: Opened 'sidmassth' variable.
⦿──⦿  SIMBA  ⦿──⦿  |       INFO | 2026-05-19 11:47:57 | --> Completed: Opened 'sidmassdyn' variable.
⦿──⦿  SIMBA  ⦿──⦿  |       INFO | 2026-05-19 11:48:03 | --> Completed: Opened 'sidmassgrowthwat' variable.
⦿──⦿  SIMBA  ⦿──⦿  |       INFO | 2026-05-19 11:48:09 | --> Completed: Opened 'sidmassgrowthbot' variable.
⦿──⦿  SIMBA  ⦿──⦿  |       INFO | 2026-05-19 11:48:15 | --> Completed: Opened 'sidmasssi' variable.
⦿──⦿  SIMBA  ⦿──⦿  |       INFO | 2026-05-19 11:48:22 | --> Completed: Opened 'sidmassevapsubl' variable.
⦿──⦿  SIMBA  ⦿──⦿  |       INFO | 2026-05-19 11:48:28 | --> Completed: Opened 'sidmassmelttop' variable.
⦿──⦿  SIMBA  ⦿──⦿  |       INFO | 2026-05-19 11:48:34 | --> Completed: Opened 'sidmassmeltbot' variable.
⦿──⦿  SIMBA  ⦿──⦿  |       INFO | 2026-05-19 11:48:34 | --> Completed: Created sea ice mass budget dataset from variables.
⦿──⦿  SIMBA  ⦿──⦿  |       INFO | 2026-05-19 11:48:34 | ==== Sea Ice Mass Budget Calculation ====
⦿──⦿  SIMBA  ⦿──⦿  |       INFO | 2026-05-19 11:48:34 | In Progress: Calculating Regional Sea Ice Mass Budget...
⦿──⦿  SIMBA  ⦿──⦿  |       INFO | 2026-05-19 11:48:38 | Completed: Calculated Regional Sea Ice Mass Budget.
⦿──⦿  SIMBA  ⦿──⦿  |       INFO | 2026-05-19 11:48:38 | ==== Outputs ====
⦿──⦿  SIMBA  ⦿──⦿  |       INFO | 2026-05-19 11:48:38 | In Progress: Saving Sea Ice Mass Budget Analysis outputs to netCDF file...
⦿──⦿  SIMBA  ⦿──⦿  |       INFO | 2026-05-19 11:51:18 | Completed: Saved Sea Ice Mass Budget Analysis outputs to file -> /g100_work/optim_IAC/research/noc/otooth/OptimESM/WP5/SeaIceMassBudgetMIP/contributions/EC-Earth3-ESM1/outputs//EC-Earth3-ESM1_SIMBA_SH_esm-hist_r1i1p1f1_1850-01-2014-12.nc
⦿──⦿  SIMBA  ⦿──⦿  |       INFO | 2026-05-19 11:51:18 | Completed: Succesfully closed all netcdf files.
⦿──⦿  SIMBA  ⦿──⦿  |       INFO | 2026-05-19 11:51:18 | ✔ SIMBA Completed ✔
⦿──⦿  SIMBA  ⦿──⦿  |       INFO | 2026-05-19 11:54:46 | 
   ⦿──⦿──⦿──⦿──⦿──⦿──⦿──⦿──⦿──⦿──⦿──⦿
       Sea Ice Mass Budget Analysis      
   ⦿──⦿──⦿──⦿──⦿──⦿──⦿──⦿──⦿──⦿──⦿──⦿

        version: 0.1.0


⦿──⦿  SIMBA  ⦿──⦿  |       INFO | 2026-05-19 11:54:46 | ==== Inputs ====
⦿──⦿  SIMBA  ⦿──⦿  |       INFO | 2026-05-19 11:54:46 | Completed: Read & validated config file -> ./configs/EC-Earth3-ESM1_esm-piControl_config.toml
⦿──⦿  SIMBA  ⦿──⦿  |       INFO | 2026-05-19 11:54:46 | In Progress: Reading sea ice mass budget variables...
⦿──⦿  SIMBA  ⦿──⦿  |       INFO | 2026-05-19 11:54:46 | --> Completed: Opened 'mask' variable.
⦿──⦿  SIMBA  ⦿──⦿  |       INFO | 2026-05-19 11:54:46 | In Progress: Creating sea ice mass budget dataset from variables.
⦿──⦿  SIMBA  ⦿──⦿  |       INFO | 2026-05-19 11:54:46 | --> Completed: Opened 'areacello' variable.
⦿──⦿  SIMBA  ⦿──⦿  |       INFO | 2026-05-19 11:55:43 | --> Completed: Opened 'siconc' variable.
⦿──⦿  SIMBA  ⦿──⦿  |       INFO | 2026-05-19 11:56:30 | --> Completed: Opened 'sivol' variable.
⦿──⦿  SIMBA  ⦿──⦿  |       INFO | 2026-05-19 11:57:17 | --> Completed: Opened 'simass' variable.
⦿──⦿  SIMBA  ⦿──⦿  |       INFO | 2026-05-19 11:58:06 | --> Completed: Opened 'sidmassth' variable.
⦿──⦿  SIMBA  ⦿──⦿  |       INFO | 2026-05-19 11:58:55 | --> Completed: Opened 'sidmassdyn' variable.
⦿──⦿  SIMBA  ⦿──⦿  |       INFO | 2026-05-19 11:59:42 | --> Completed: Opened 'sidmassgrowthwat' variable.
⦿──⦿  SIMBA  ⦿──⦿  |       INFO | 2026-05-19 12:00:29 | --> Completed: Opened 'sidmassgrowthbot' variable.
⦿──⦿  SIMBA  ⦿──⦿  |       INFO | 2026-05-19 12:01:14 | --> Completed: Opened 'sidmasssi' variable.
⦿──⦿  SIMBA  ⦿──⦿  |       INFO | 2026-05-19 12:02:04 | --> Completed: Opened 'sidmassevapsubl' variable.
⦿──⦿  SIMBA  ⦿──⦿  |       INFO | 2026-05-19 12:02:52 | --> Completed: Opened 'sidmassmelttop' variable.
⦿──⦿  SIMBA  ⦿──⦿  |       INFO | 2026-05-19 12:03:40 | --> Completed: Opened 'sidmassmeltbot' variable.
⦿──⦿  SIMBA  ⦿──⦿  |       INFO | 2026-05-19 12:03:40 | --> Completed: Created sea ice mass budget dataset from variables.
⦿──⦿  SIMBA  ⦿──⦿  |       INFO | 2026-05-19 12:03:40 | ==== Sea Ice Mass Budget Calculation ====
⦿──⦿  SIMBA  ⦿──⦿  |       INFO | 2026-05-19 12:03:40 | In Progress: Calculating Regional Sea Ice Mass Budget...
⦿──⦿  SIMBA  ⦿──⦿  |       INFO | 2026-05-19 12:03:57 | Completed: Calculated Regional Sea Ice Mass Budget.
⦿──⦿  SIMBA  ⦿──⦿  |       INFO | 2026-05-19 12:03:57 | ==== Outputs ====
⦿──⦿  SIMBA  ⦿──⦿  |       INFO | 2026-05-19 12:03:57 | In Progress: Saving Sea Ice Mass Budget Analysis outputs to netCDF file...
⦿──⦿  SIMBA  ⦿──⦿  |       INFO | 2026-05-19 12:19:36 | Completed: Saved Sea Ice Mass Budget Analysis outputs to file -> /g100_work/optim_IAC/research/noc/otooth/OptimESM/WP5/SeaIceMassBudgetMIP/contributions/EC-Earth3-ESM1/outputs//EC-Earth3-ESM-1_SIMBA_SH_esm-piControl_r1i1p1f1_1850-01-2450-12.nc
⦿──⦿  SIMBA  ⦿──⦿  |       INFO | 2026-05-19 12:19:36 | Completed: Succesfully closed all netcdf files.
⦿──⦿  SIMBA  ⦿──⦿  |       INFO | 2026-05-19 12:19:37 | ✔ SIMBA Completed ✔
⦿──⦿  SIMBA  ⦿──⦿  |       INFO | 2026-05-19 12:20:39 | 
   ⦿──⦿──⦿──⦿──⦿──⦿──⦿──⦿──⦿──⦿──⦿──⦿
       Sea Ice Mass Budget Analysis      
   ⦿──⦿──⦿──⦿──⦿──⦿──⦿──⦿──⦿──⦿──⦿──⦿

        version: 0.1.0


⦿──⦿  SIMBA  ⦿──⦿  |       INFO | 2026-05-19 12:20:39 | ==== Inputs ====
⦿──⦿  SIMBA  ⦿──⦿  |       INFO | 2026-05-19 12:20:39 | Completed: Read & validated config file -> ./configs/EC-Earth3-ESM1_esm-up2p0_config.toml
⦿──⦿  SIMBA  ⦿──⦿  |       INFO | 2026-05-19 12:20:39 | In Progress: Reading sea ice mass budget variables...
⦿──⦿  SIMBA  ⦿──⦿  |       INFO | 2026-05-19 12:20:39 | --> Completed: Opened 'mask' variable.
⦿──⦿  SIMBA  ⦿──⦿  |       INFO | 2026-05-19 12:20:39 | In Progress: Creating sea ice mass budget dataset from variables.
⦿──⦿  SIMBA  ⦿──⦿  |       INFO | 2026-05-19 12:20:39 | --> Completed: Opened 'areacello' variable.
⦿──⦿  SIMBA  ⦿──⦿  |       INFO | 2026-05-19 12:21:11 | --> Completed: Opened 'siconc' variable.
⦿──⦿  SIMBA  ⦿──⦿  |       INFO | 2026-05-19 12:21:37 | --> Completed: Opened 'sivol' variable.
⦿──⦿  SIMBA  ⦿──⦿  |       INFO | 2026-05-19 12:22:04 | --> Completed: Opened 'simass' variable.
⦿──⦿  SIMBA  ⦿──⦿  |       INFO | 2026-05-19 12:22:30 | --> Completed: Opened 'sidmassth' variable.
⦿──⦿  SIMBA  ⦿──⦿  |       INFO | 2026-05-19 12:22:56 | --> Completed: Opened 'sidmassdyn' variable.
⦿──⦿  SIMBA  ⦿──⦿  |       INFO | 2026-05-19 12:23:21 | --> Completed: Opened 'sidmassgrowthwat' variable.
⦿──⦿  SIMBA  ⦿──⦿  |       INFO | 2026-05-19 12:23:46 | --> Completed: Opened 'sidmassgrowthbot' variable.
⦿──⦿  SIMBA  ⦿──⦿  |       INFO | 2026-05-19 12:24:11 | --> Completed: Opened 'sidmasssi' variable.
⦿──⦿  SIMBA  ⦿──⦿  |       INFO | 2026-05-19 12:24:37 | --> Completed: Opened 'sidmassevapsubl' variable.
⦿──⦿  SIMBA  ⦿──⦿  |       INFO | 2026-05-19 12:25:01 | --> Completed: Opened 'sidmassmelttop' variable.
⦿──⦿  SIMBA  ⦿──⦿  |       INFO | 2026-05-19 12:25:27 | --> Completed: Opened 'sidmassmeltbot' variable.
⦿──⦿  SIMBA  ⦿──⦿  |       INFO | 2026-05-19 12:25:27 | --> Completed: Created sea ice mass budget dataset from variables.
⦿──⦿  SIMBA  ⦿──⦿  |       INFO | 2026-05-19 12:25:27 | ==== Sea Ice Mass Budget Calculation ====
⦿──⦿  SIMBA  ⦿──⦿  |       INFO | 2026-05-19 12:25:27 | In Progress: Calculating Regional Sea Ice Mass Budget...
⦿──⦿  SIMBA  ⦿──⦿  |       INFO | 2026-05-19 12:25:36 | Completed: Calculated Regional Sea Ice Mass Budget.
⦿──⦿  SIMBA  ⦿──⦿  |       INFO | 2026-05-19 12:25:36 | ==== Outputs ====
⦿──⦿  SIMBA  ⦿──⦿  |       INFO | 2026-05-19 12:25:36 | In Progress: Saving Sea Ice Mass Budget Analysis outputs to netCDF file...
⦿──⦿  SIMBA  ⦿──⦿  |       INFO | 2026-05-19 12:31:56 | Completed: Saved Sea Ice Mass Budget Analysis outputs to file -> /g100_work/optim_IAC/research/noc/otooth/OptimESM/WP5/SeaIceMassBudgetMIP/contributions/EC-Earth3-ESM1/outputs//EC-Earth3-ESM-1_SIMBA_SH_esm-up2p0_r5i1p1f1_1850-01-2199-12.nc
⦿──⦿  SIMBA  ⦿──⦿  |       INFO | 2026-05-19 12:31:56 | Completed: Succesfully closed all netcdf files.
⦿──⦿  SIMBA  ⦿──⦿  |       INFO | 2026-05-19 12:31:56 | ✔ SIMBA Completed ✔
⦿──⦿  SIMBA  ⦿──⦿  |       INFO | 2026-05-19 13:33:08 | 
   ⦿──⦿──⦿──⦿──⦿──⦿──⦿──⦿──⦿──⦿──⦿──⦿
       Sea Ice Mass Budget Analysis      
   ⦿──⦿──⦿──⦿──⦿──⦿──⦿──⦿──⦿──⦿──⦿──⦿

        version: 0.1.0


⦿──⦿  SIMBA  ⦿──⦿  |       INFO | 2026-05-19 13:33:08 | ==== Inputs ====
⦿──⦿  SIMBA  ⦿──⦿  |       INFO | 2026-05-19 13:33:08 | Completed: Read & validated config file -> ./configs/EC-Earth3-ESM1_esm-up2p0-gwl_config.toml
⦿──⦿  SIMBA  ⦿──⦿  |       INFO | 2026-05-19 13:33:08 | In Progress: Reading sea ice mass budget variables...
⦿──⦿  SIMBA  ⦿──⦿  |       INFO | 2026-05-19 13:33:08 | --> Completed: Opened 'mask' variable.
⦿──⦿  SIMBA  ⦿──⦿  |       INFO | 2026-05-19 13:33:08 | In Progress: Creating sea ice mass budget dataset from variables.
⦿──⦿  SIMBA  ⦿──⦿  |       INFO | 2026-05-19 13:33:08 | --> Completed: Opened 'areacello' variable.
⦿──⦿  SIMBA  ⦿──⦿  |       INFO | 2026-05-19 13:33:36 | --> Completed: Opened 'siconc' variable.
⦿──⦿  SIMBA  ⦿──⦿  |       INFO | 2026-05-19 13:34:00 | --> Completed: Opened 'sivol' variable.
⦿──⦿  SIMBA  ⦿──⦿  |       INFO | 2026-05-19 13:34:23 | --> Completed: Opened 'simass' variable.
⦿──⦿  SIMBA  ⦿──⦿  |       INFO | 2026-05-19 13:34:46 | --> Completed: Opened 'sidmassth' variable.
⦿──⦿  SIMBA  ⦿──⦿  |       INFO | 2026-05-19 13:35:10 | --> Completed: Opened 'sidmassdyn' variable.
⦿──⦿  SIMBA  ⦿──⦿  |       INFO | 2026-05-19 13:35:33 | --> Completed: Opened 'sidmassgrowthwat' variable.
⦿──⦿  SIMBA  ⦿──⦿  |       INFO | 2026-05-19 13:35:53 | --> Completed: Opened 'sidmassgrowthbot' variable.
⦿──⦿  SIMBA  ⦿──⦿  |       INFO | 2026-05-19 13:36:14 | --> Completed: Opened 'sidmasssi' variable.
⦿──⦿  SIMBA  ⦿──⦿  |       INFO | 2026-05-19 13:36:36 | --> Completed: Opened 'sidmassevapsubl' variable.
⦿──⦿  SIMBA  ⦿──⦿  |       INFO | 2026-05-19 13:36:57 | --> Completed: Opened 'sidmassmelttop' variable.
⦿──⦿  SIMBA  ⦿──⦿  |       INFO | 2026-05-19 13:37:19 | --> Completed: Opened 'sidmassmeltbot' variable.
⦿──⦿  SIMBA  ⦿──⦿  |       INFO | 2026-05-19 13:37:19 | --> Completed: Created sea ice mass budget dataset from variables.
⦿──⦿  SIMBA  ⦿──⦿  |       INFO | 2026-05-19 13:37:19 | ==== Sea Ice Mass Budget Calculation ====
⦿──⦿  SIMBA  ⦿──⦿  |       INFO | 2026-05-19 13:37:19 | In Progress: Calculating Regional Sea Ice Mass Budget...
⦿──⦿  SIMBA  ⦿──⦿  |       INFO | 2026-05-19 13:37:27 | Completed: Calculated Regional Sea Ice Mass Budget.
⦿──⦿  SIMBA  ⦿──⦿  |       INFO | 2026-05-19 13:37:27 | ==== Outputs ====
⦿──⦿  SIMBA  ⦿──⦿  |       INFO | 2026-05-19 13:37:27 | In Progress: Saving Sea Ice Mass Budget Analysis outputs to netCDF file...
⦿──⦿  SIMBA  ⦿──⦿  |       INFO | 2026-05-19 13:42:45 | Completed: Saved Sea Ice Mass Budget Analysis outputs to file -> /g100_work/optim_IAC/research/noc/otooth/OptimESM/WP5/SeaIceMassBudgetMIP/contributions/EC-Earth3-ESM1/outputs//EC-Earth3-ESM-1_SIMBA_SH_esm-up2p0-gwl1p5_r1i1p1f1_1926-01-2225-12.nc
⦿──⦿  SIMBA  ⦿──⦿  |       INFO | 2026-05-19 13:42:45 | Completed: Succesfully closed all netcdf files.
⦿──⦿  SIMBA  ⦿──⦿  |       INFO | 2026-05-19 13:42:45 | ✔ SIMBA Completed ✔
⦿──⦿  SIMBA  ⦿──⦿  |       INFO | 2026-05-19 13:42:47 | 
   ⦿──⦿──⦿──⦿──⦿──⦿──⦿──⦿──⦿──⦿──⦿──⦿
       Sea Ice Mass Budget Analysis      
   ⦿──⦿──⦿──⦿──⦿──⦿──⦿──⦿──⦿──⦿──⦿──⦿

        version: 0.1.0


⦿──⦿  SIMBA  ⦿──⦿  |       INFO | 2026-05-19 13:42:47 | ==== Inputs ====
⦿──⦿  SIMBA  ⦿──⦿  |       INFO | 2026-05-19 13:42:47 | Completed: Read & validated config file -> ./configs/EC-Earth3-ESM1_esm-up2p0-gwl_config.toml
⦿──⦿  SIMBA  ⦿──⦿  |       INFO | 2026-05-19 13:42:47 | In Progress: Reading sea ice mass budget variables...
⦿──⦿  SIMBA  ⦿──⦿  |       INFO | 2026-05-19 13:42:47 | --> Completed: Opened 'mask' variable.
⦿──⦿  SIMBA  ⦿──⦿  |       INFO | 2026-05-19 13:42:47 | In Progress: Creating sea ice mass budget dataset from variables.
⦿──⦿  SIMBA  ⦿──⦿  |       INFO | 2026-05-19 13:42:47 | --> Completed: Opened 'areacello' variable.
⦿──⦿  SIMBA  ⦿──⦿  |       INFO | 2026-05-19 13:43:37 | --> Completed: Opened 'siconc' variable.
⦿──⦿  SIMBA  ⦿──⦿  |       INFO | 2026-05-19 13:44:21 | --> Completed: Opened 'sivol' variable.
⦿──⦿  SIMBA  ⦿──⦿  |       INFO | 2026-05-19 13:45:02 | --> Completed: Opened 'simass' variable.
⦿──⦿  SIMBA  ⦿──⦿  |       INFO | 2026-05-19 13:45:44 | --> Completed: Opened 'sidmassth' variable.
⦿──⦿  SIMBA  ⦿──⦿  |       INFO | 2026-05-19 13:46:27 | --> Completed: Opened 'sidmassdyn' variable.
⦿──⦿  SIMBA  ⦿──⦿  |       INFO | 2026-05-19 13:47:09 | --> Completed: Opened 'sidmassgrowthwat' variable.
⦿──⦿  SIMBA  ⦿──⦿  |       INFO | 2026-05-19 13:47:51 | --> Completed: Opened 'sidmassgrowthbot' variable.
⦿──⦿  SIMBA  ⦿──⦿  |       INFO | 2026-05-19 13:48:33 | --> Completed: Opened 'sidmasssi' variable.
⦿──⦿  SIMBA  ⦿──⦿  |       INFO | 2026-05-19 13:49:15 | --> Completed: Opened 'sidmassevapsubl' variable.
⦿──⦿  SIMBA  ⦿──⦿  |       INFO | 2026-05-19 13:49:57 | --> Completed: Opened 'sidmassmelttop' variable.
⦿──⦿  SIMBA  ⦿──⦿  |       INFO | 2026-05-19 13:50:40 | --> Completed: Opened 'sidmassmeltbot' variable.
⦿──⦿  SIMBA  ⦿──⦿  |       INFO | 2026-05-19 13:50:40 | --> Completed: Created sea ice mass budget dataset from variables.
⦿──⦿  SIMBA  ⦿──⦿  |       INFO | 2026-05-19 13:50:40 | ==== Sea Ice Mass Budget Calculation ====
⦿──⦿  SIMBA  ⦿──⦿  |       INFO | 2026-05-19 13:50:40 | In Progress: Calculating Regional Sea Ice Mass Budget...
⦿──⦿  SIMBA  ⦿──⦿  |       INFO | 2026-05-19 13:50:54 | Completed: Calculated Regional Sea Ice Mass Budget.
⦿──⦿  SIMBA  ⦿──⦿  |       INFO | 2026-05-19 13:50:54 | ==== Outputs ====
⦿──⦿  SIMBA  ⦿──⦿  |       INFO | 2026-05-19 13:50:54 | In Progress: Saving Sea Ice Mass Budget Analysis outputs to netCDF file...
⦿──⦿  SIMBA  ⦿──⦿  |       INFO | 2026-05-19 14:02:09 | Completed: Saved Sea Ice Mass Budget Analysis outputs to file -> /g100_work/optim_IAC/research/noc/otooth/OptimESM/WP5/SeaIceMassBudgetMIP/contributions/EC-Earth3-ESM1/outputs//EC-Earth3-ESM-1_SIMBA_SH_esm-up2p0-gwl2p0_r1i1p1f1_1951-01-2450-12.nc
⦿──⦿  SIMBA  ⦿──⦿  |       INFO | 2026-05-19 14:02:09 | Completed: Succesfully closed all netcdf files.
⦿──⦿  SIMBA  ⦿──⦿  |       INFO | 2026-05-19 14:02:09 | ✔ SIMBA Completed ✔
⦿──⦿  SIMBA  ⦿──⦿  |       INFO | 2026-05-19 14:02:12 | 
   ⦿──⦿──⦿──⦿──⦿──⦿──⦿──⦿──⦿──⦿──⦿──⦿
       Sea Ice Mass Budget Analysis      
   ⦿──⦿──⦿──⦿──⦿──⦿──⦿──⦿──⦿──⦿──⦿──⦿

        version: 0.1.0


⦿──⦿  SIMBA  ⦿──⦿  |       INFO | 2026-05-19 14:02:12 | ==== Inputs ====
⦿──⦿  SIMBA  ⦿──⦿  |       INFO | 2026-05-19 14:02:12 | Completed: Read & validated config file -> ./configs/EC-Earth3-ESM1_esm-up2p0-gwl_config.toml
⦿──⦿  SIMBA  ⦿──⦿  |       INFO | 2026-05-19 14:02:12 | In Progress: Reading sea ice mass budget variables...
⦿──⦿  SIMBA  ⦿──⦿  |       INFO | 2026-05-19 14:02:12 | --> Completed: Opened 'mask' variable.
⦿──⦿  SIMBA  ⦿──⦿  |       INFO | 2026-05-19 14:02:12 | In Progress: Creating sea ice mass budget dataset from variables.
⦿──⦿  SIMBA  ⦿──⦿  |       INFO | 2026-05-19 14:02:12 | --> Completed: Opened 'areacello' variable.
⦿──⦿  SIMBA  ⦿──⦿  |       INFO | 2026-05-19 14:02:40 | --> Completed: Opened 'siconc' variable.
⦿──⦿  SIMBA  ⦿──⦿  |       INFO | 2026-05-19 14:03:02 | --> Completed: Opened 'sivol' variable.
⦿──⦿  SIMBA  ⦿──⦿  |       INFO | 2026-05-19 14:03:25 | --> Completed: Opened 'simass' variable.
⦿──⦿  SIMBA  ⦿──⦿  |       INFO | 2026-05-19 14:03:48 | --> Completed: Opened 'sidmassth' variable.
⦿──⦿  SIMBA  ⦿──⦿  |       INFO | 2026-05-19 14:04:11 | --> Completed: Opened 'sidmassdyn' variable.
⦿──⦿  SIMBA  ⦿──⦿  |       INFO | 2026-05-19 14:04:34 | --> Completed: Opened 'sidmassgrowthwat' variable.
⦿──⦿  SIMBA  ⦿──⦿  |       INFO | 2026-05-19 14:04:55 | --> Completed: Opened 'sidmassgrowthbot' variable.
⦿──⦿  SIMBA  ⦿──⦿  |       INFO | 2026-05-19 14:05:17 | --> Completed: Opened 'sidmasssi' variable.
⦿──⦿  SIMBA  ⦿──⦿  |       INFO | 2026-05-19 14:05:39 | --> Completed: Opened 'sidmassevapsubl' variable.
⦿──⦿  SIMBA  ⦿──⦿  |       INFO | 2026-05-19 14:06:00 | --> Completed: Opened 'sidmassmelttop' variable.
⦿──⦿  SIMBA  ⦿──⦿  |       INFO | 2026-05-19 14:06:21 | --> Completed: Opened 'sidmassmeltbot' variable.
⦿──⦿  SIMBA  ⦿──⦿  |       INFO | 2026-05-19 14:06:21 | --> Completed: Created sea ice mass budget dataset from variables.
⦿──⦿  SIMBA  ⦿──⦿  |       INFO | 2026-05-19 14:06:21 | ==== Sea Ice Mass Budget Calculation ====
⦿──⦿  SIMBA  ⦿──⦿  |       INFO | 2026-05-19 14:06:21 | In Progress: Calculating Regional Sea Ice Mass Budget...
⦿──⦿  SIMBA  ⦿──⦿  |       INFO | 2026-05-19 14:06:29 | Completed: Calculated Regional Sea Ice Mass Budget.
⦿──⦿  SIMBA  ⦿──⦿  |       INFO | 2026-05-19 14:06:29 | ==== Outputs ====
⦿──⦿  SIMBA  ⦿──⦿  |       INFO | 2026-05-19 14:06:29 | In Progress: Saving Sea Ice Mass Budget Analysis outputs to netCDF file...
⦿──⦿  SIMBA  ⦿──⦿  |       INFO | 2026-05-19 14:11:45 | Completed: Saved Sea Ice Mass Budget Analysis outputs to file -> /g100_work/optim_IAC/research/noc/otooth/OptimESM/WP5/SeaIceMassBudgetMIP/contributions/EC-Earth3-ESM1/outputs//EC-Earth3-ESM-1_SIMBA_SH_esm-up2p0-gwl3p0_r1i1p1f1_2001-01-2300-12.nc
⦿──⦿  SIMBA  ⦿──⦿  |       INFO | 2026-05-19 14:11:45 | Completed: Succesfully closed all netcdf files.
⦿──⦿  SIMBA  ⦿──⦿  |       INFO | 2026-05-19 14:11:45 | ✔ SIMBA Completed ✔
⦿──⦿  SIMBA  ⦿──⦿  |       INFO | 2026-05-19 14:11:49 | 
   ⦿──⦿──⦿──⦿──⦿──⦿──⦿──⦿──⦿──⦿──⦿──⦿
       Sea Ice Mass Budget Analysis      
   ⦿──⦿──⦿──⦿──⦿──⦿──⦿──⦿──⦿──⦿──⦿──⦿

        version: 0.1.0


⦿──⦿  SIMBA  ⦿──⦿  |       INFO | 2026-05-19 14:11:49 | ==== Inputs ====
⦿──⦿  SIMBA  ⦿──⦿  |       INFO | 2026-05-19 14:11:49 | Completed: Read & validated config file -> ./configs/EC-Earth3-ESM1_esm-up2p0-gwl_config.toml
⦿──⦿  SIMBA  ⦿──⦿  |       INFO | 2026-05-19 14:11:49 | In Progress: Reading sea ice mass budget variables...
⦿──⦿  SIMBA  ⦿──⦿  |       INFO | 2026-05-19 14:11:50 | --> Completed: Opened 'mask' variable.
⦿──⦿  SIMBA  ⦿──⦿  |       INFO | 2026-05-19 14:11:50 | In Progress: Creating sea ice mass budget dataset from variables.
⦿──⦿  SIMBA  ⦿──⦿  |       INFO | 2026-05-19 14:11:50 | --> Completed: Opened 'areacello' variable.
⦿──⦿  SIMBA  ⦿──⦿  |       INFO | 2026-05-19 14:12:38 | --> Completed: Opened 'siconc' variable.
⦿──⦿  SIMBA  ⦿──⦿  |       INFO | 2026-05-19 14:13:21 | --> Completed: Opened 'sivol' variable.
⦿──⦿  SIMBA  ⦿──⦿  |       INFO | 2026-05-19 14:14:05 | --> Completed: Opened 'simass' variable.
⦿──⦿  SIMBA  ⦿──⦿  |       INFO | 2026-05-19 14:14:48 | --> Completed: Opened 'sidmassth' variable.
⦿──⦿  SIMBA  ⦿──⦿  |       INFO | 2026-05-19 14:15:30 | --> Completed: Opened 'sidmassdyn' variable.
⦿──⦿  SIMBA  ⦿──⦿  |       INFO | 2026-05-19 14:16:12 | --> Completed: Opened 'sidmassgrowthwat' variable.
⦿──⦿  SIMBA  ⦿──⦿  |       INFO | 2026-05-19 14:16:54 | --> Completed: Opened 'sidmassgrowthbot' variable.
⦿──⦿  SIMBA  ⦿──⦿  |       INFO | 2026-05-19 14:17:34 | --> Completed: Opened 'sidmasssi' variable.
⦿──⦿  SIMBA  ⦿──⦿  |       INFO | 2026-05-19 14:18:20 | --> Completed: Opened 'sidmassevapsubl' variable.
⦿──⦿  SIMBA  ⦿──⦿  |       INFO | 2026-05-19 14:19:01 | --> Completed: Opened 'sidmassmelttop' variable.
⦿──⦿  SIMBA  ⦿──⦿  |       INFO | 2026-05-19 14:19:41 | --> Completed: Opened 'sidmassmeltbot' variable.
⦿──⦿  SIMBA  ⦿──⦿  |       INFO | 2026-05-19 14:19:41 | --> Completed: Created sea ice mass budget dataset from variables.
⦿──⦿  SIMBA  ⦿──⦿  |       INFO | 2026-05-19 14:19:41 | ==== Sea Ice Mass Budget Calculation ====
⦿──⦿  SIMBA  ⦿──⦿  |       INFO | 2026-05-19 14:19:41 | In Progress: Calculating Regional Sea Ice Mass Budget...
⦿──⦿  SIMBA  ⦿──⦿  |       INFO | 2026-05-19 14:19:55 | Completed: Calculated Regional Sea Ice Mass Budget.
⦿──⦿  SIMBA  ⦿──⦿  |       INFO | 2026-05-19 14:19:55 | ==== Outputs ====
⦿──⦿  SIMBA  ⦿──⦿  |       INFO | 2026-05-19 14:19:55 | In Progress: Saving Sea Ice Mass Budget Analysis outputs to netCDF file...
⦿──⦿  SIMBA  ⦿──⦿  |       INFO | 2026-05-19 14:31:04 | Completed: Saved Sea Ice Mass Budget Analysis outputs to file -> /g100_work/optim_IAC/research/noc/otooth/OptimESM/WP5/SeaIceMassBudgetMIP/contributions/EC-Earth3-ESM1/outputs//EC-Earth3-ESM-1_SIMBA_SH_esm-up2p0-gwl4p0_r1i1p1f1_2051-01-2550-12.nc
⦿──⦿  SIMBA  ⦿──⦿  |       INFO | 2026-05-19 14:31:04 | Completed: Succesfully closed all netcdf files.
⦿──⦿  SIMBA  ⦿──⦿  |       INFO | 2026-05-19 14:31:04 | ✔ SIMBA Completed ✔
⦿──⦿  SIMBA  ⦿──⦿  |       INFO | 2026-05-19 14:31:30 | 
   ⦿──⦿──⦿──⦿──⦿──⦿──⦿──⦿──⦿──⦿──⦿──⦿
       Sea Ice Mass Budget Analysis      
   ⦿──⦿──⦿──⦿──⦿──⦿──⦿──⦿──⦿──⦿──⦿──⦿

        version: 0.1.0


⦿──⦿  SIMBA  ⦿──⦿  |       INFO | 2026-05-19 14:31:30 | ==== Inputs ====
⦿──⦿  SIMBA  ⦿──⦿  |       INFO | 2026-05-19 14:31:30 | Completed: Read & validated config file -> ./configs/EC-Earth3-ESM1_esm-up2p0-gwl_config.toml
⦿──⦿  SIMBA  ⦿──⦿  |       INFO | 2026-05-19 14:31:30 | In Progress: Reading sea ice mass budget variables...
⦿──⦿  SIMBA  ⦿──⦿  |       INFO | 2026-05-19 14:31:30 | --> Completed: Opened 'mask' variable.
⦿──⦿  SIMBA  ⦿──⦿  |       INFO | 2026-05-19 14:31:30 | In Progress: Creating sea ice mass budget dataset from variables.
⦿──⦿  SIMBA  ⦿──⦿  |       INFO | 2026-05-19 14:31:30 | --> Completed: Opened 'areacello' variable.
⦿──⦿  SIMBA  ⦿──⦿  |       INFO | 2026-05-19 14:32:00 | --> Completed: Opened 'siconc' variable.
⦿──⦿  SIMBA  ⦿──⦿  |       INFO | 2026-05-19 14:32:22 | --> Completed: Opened 'sivol' variable.
⦿──⦿  SIMBA  ⦿──⦿  |       INFO | 2026-05-19 14:32:45 | --> Completed: Opened 'simass' variable.
⦿──⦿  SIMBA  ⦿──⦿  |       INFO | 2026-05-19 14:33:09 | --> Completed: Opened 'sidmassth' variable.
⦿──⦿  SIMBA  ⦿──⦿  |       INFO | 2026-05-19 14:33:29 | --> Completed: Opened 'sidmassdyn' variable.
⦿──⦿  SIMBA  ⦿──⦿  |       INFO | 2026-05-19 14:33:51 | --> Completed: Opened 'sidmassgrowthwat' variable.
⦿──⦿  SIMBA  ⦿──⦿  |       INFO | 2026-05-19 14:34:12 | --> Completed: Opened 'sidmassgrowthbot' variable.
⦿──⦿  SIMBA  ⦿──⦿  |       INFO | 2026-05-19 14:34:34 | --> Completed: Opened 'sidmasssi' variable.
⦿──⦿  SIMBA  ⦿──⦿  |       INFO | 2026-05-19 14:34:56 | --> Completed: Opened 'sidmassevapsubl' variable.
⦿──⦿  SIMBA  ⦿──⦿  |       INFO | 2026-05-19 14:35:19 | --> Completed: Opened 'sidmassmelttop' variable.
⦿──⦿  SIMBA  ⦿──⦿  |       INFO | 2026-05-19 14:35:39 | --> Completed: Opened 'sidmassmeltbot' variable.
⦿──⦿  SIMBA  ⦿──⦿  |       INFO | 2026-05-19 14:35:39 | --> Completed: Created sea ice mass budget dataset from variables.
⦿──⦿  SIMBA  ⦿──⦿  |       INFO | 2026-05-19 14:35:39 | ==== Sea Ice Mass Budget Calculation ====
⦿──⦿  SIMBA  ⦿──⦿  |       INFO | 2026-05-19 14:35:39 | In Progress: Calculating Regional Sea Ice Mass Budget...
⦿──⦿  SIMBA  ⦿──⦿  |       INFO | 2026-05-19 14:35:47 | Completed: Calculated Regional Sea Ice Mass Budget.
⦿──⦿  SIMBA  ⦿──⦿  |       INFO | 2026-05-19 14:35:47 | ==== Outputs ====
⦿──⦿  SIMBA  ⦿──⦿  |       INFO | 2026-05-19 14:35:47 | In Progress: Saving Sea Ice Mass Budget Analysis outputs to netCDF file...
⦿──⦿  SIMBA  ⦿──⦿  |       INFO | 2026-05-19 14:41:03 | Completed: Saved Sea Ice Mass Budget Analysis outputs to file -> /g100_work/optim_IAC/research/noc/otooth/OptimESM/WP5/SeaIceMassBudgetMIP/contributions/EC-Earth3-ESM1/outputs//EC-Earth3-ESM-1_SIMBA_SH_esm-up2p0-gwl5p0_r1i1p1f1_2101-01-2400-12.nc
⦿──⦿  SIMBA  ⦿──⦿  |       INFO | 2026-05-19 14:41:03 | Completed: Succesfully closed all netcdf files.
⦿──⦿  SIMBA  ⦿──⦿  |       INFO | 2026-05-19 14:41:03 | ✔ SIMBA Completed ✔
⦿──⦿  SIMBA  ⦿──⦿  |       INFO | 2026-05-19 14:41:08 | 
   ⦿──⦿──⦿──⦿──⦿──⦿──⦿──⦿──⦿──⦿──⦿──⦿
       Sea Ice Mass Budget Analysis      
   ⦿──⦿──⦿──⦿──⦿──⦿──⦿──⦿──⦿──⦿──⦿──⦿

        version: 0.1.0


⦿──⦿  SIMBA  ⦿──⦿  |       INFO | 2026-05-19 14:41:08 | ==== Inputs ====
⦿──⦿  SIMBA  ⦿──⦿  |       INFO | 2026-05-19 14:41:08 | Completed: Read & validated config file -> ./configs/EC-Earth3-ESM1_esm-up2p0-gwl_config.toml
⦿──⦿  SIMBA  ⦿──⦿  |       INFO | 2026-05-19 14:41:08 | In Progress: Reading sea ice mass budget variables...
⦿──⦿  SIMBA  ⦿──⦿  |       INFO | 2026-05-19 14:41:08 | --> Completed: Opened 'mask' variable.
⦿──⦿  SIMBA  ⦿──⦿  |       INFO | 2026-05-19 14:41:08 | In Progress: Creating sea ice mass budget dataset from variables.
⦿──⦿  SIMBA  ⦿──⦿  |       INFO | 2026-05-19 14:41:08 | --> Completed: Opened 'areacello' variable.
⦿──⦿  SIMBA  ⦿──⦿  |       INFO | 2026-05-19 14:41:35 | --> Completed: Opened 'siconc' variable.
⦿──⦿  SIMBA  ⦿──⦿  |       INFO | 2026-05-19 14:41:58 | --> Completed: Opened 'sivol' variable.
⦿──⦿  SIMBA  ⦿──⦿  |       INFO | 2026-05-19 14:42:22 | --> Completed: Opened 'simass' variable.
⦿──⦿  SIMBA  ⦿──⦿  |       INFO | 2026-05-19 14:42:47 | --> Completed: Opened 'sidmassth' variable.
⦿──⦿  SIMBA  ⦿──⦿  |       INFO | 2026-05-19 14:43:08 | --> Completed: Opened 'sidmassdyn' variable.
⦿──⦿  SIMBA  ⦿──⦿  |       INFO | 2026-05-19 14:43:29 | --> Completed: Opened 'sidmassgrowthwat' variable.
⦿──⦿  SIMBA  ⦿──⦿  |       INFO | 2026-05-19 14:43:54 | --> Completed: Opened 'sidmassgrowthbot' variable.
⦿──⦿  SIMBA  ⦿──⦿  |       INFO | 2026-05-19 14:44:15 | --> Completed: Opened 'sidmasssi' variable.
⦿──⦿  SIMBA  ⦿──⦿  |       INFO | 2026-05-19 14:44:35 | --> Completed: Opened 'sidmassevapsubl' variable.
⦿──⦿  SIMBA  ⦿──⦿  |       INFO | 2026-05-19 14:44:56 | --> Completed: Opened 'sidmassmelttop' variable.
⦿──⦿  SIMBA  ⦿──⦿  |       INFO | 2026-05-19 14:45:17 | --> Completed: Opened 'sidmassmeltbot' variable.
⦿──⦿  SIMBA  ⦿──⦿  |       INFO | 2026-05-19 14:45:17 | --> Completed: Created sea ice mass budget dataset from variables.
⦿──⦿  SIMBA  ⦿──⦿  |       INFO | 2026-05-19 14:45:17 | ==== Sea Ice Mass Budget Calculation ====
⦿──⦿  SIMBA  ⦿──⦿  |       INFO | 2026-05-19 14:45:17 | In Progress: Calculating Regional Sea Ice Mass Budget...
⦿──⦿  SIMBA  ⦿──⦿  |       INFO | 2026-05-19 14:45:25 | Completed: Calculated Regional Sea Ice Mass Budget.
⦿──⦿  SIMBA  ⦿──⦿  |       INFO | 2026-05-19 14:45:25 | ==== Outputs ====
⦿──⦿  SIMBA  ⦿──⦿  |       INFO | 2026-05-19 14:45:25 | In Progress: Saving Sea Ice Mass Budget Analysis outputs to netCDF file...
⦿──⦿  SIMBA  ⦿──⦿  |       INFO | 2026-05-19 14:50:33 | Completed: Saved Sea Ice Mass Budget Analysis outputs to file -> /g100_work/optim_IAC/research/noc/otooth/OptimESM/WP5/SeaIceMassBudgetMIP/contributions/EC-Earth3-ESM1/outputs//EC-Earth3-ESM-1_SIMBA_SH_esm-up2p0-gwl6p0_r1i1p1f1_2151-01-2450-12.nc
⦿──⦿  SIMBA  ⦿──⦿  |       INFO | 2026-05-19 14:50:33 | Completed: Succesfully closed all netcdf files.
⦿──⦿  SIMBA  ⦿──⦿  |       INFO | 2026-05-19 14:50:33 | ✔ SIMBA Completed ✔
⦿──⦿  SIMBA  ⦿──⦿  |       INFO | 2026-05-19 15:30:27 | 
   ⦿──⦿──⦿──⦿──⦿──⦿──⦿──⦿──⦿──⦿──⦿──⦿
       Sea Ice Mass Budget Analysis      
   ⦿──⦿──⦿──⦿──⦿──⦿──⦿──⦿──⦿──⦿──⦿──⦿

        version: 0.1.0


⦿──⦿  SIMBA  ⦿──⦿  |       INFO | 2026-05-19 15:30:27 | ==== Inputs ====
⦿──⦿  SIMBA  ⦿──⦿  |       INFO | 2026-05-19 15:30:27 | Completed: Read & validated config file -> ./configs/EC-Earth3-ESM1_esm-up2p0-gwl-dn_config.toml
⦿──⦿  SIMBA  ⦿──⦿  |       INFO | 2026-05-19 15:30:27 | In Progress: Reading sea ice mass budget variables...
⦿──⦿  SIMBA  ⦿──⦿  |       INFO | 2026-05-19 15:30:27 | --> Completed: Opened 'mask' variable.
⦿──⦿  SIMBA  ⦿──⦿  |       INFO | 2026-05-19 15:30:27 | In Progress: Creating sea ice mass budget dataset from variables.
⦿──⦿  SIMBA  ⦿──⦿  |       INFO | 2026-05-19 15:30:28 | --> Completed: Opened 'areacello' variable.
⦿──⦿  SIMBA  ⦿──⦿  |       INFO | 2026-05-19 15:30:35 | --> Completed: Opened 'siconc' variable.
⦿──⦿  SIMBA  ⦿──⦿  |       INFO | 2026-05-19 15:30:43 | --> Completed: Opened 'sivol' variable.
⦿──⦿  SIMBA  ⦿──⦿  |       INFO | 2026-05-19 15:30:51 | --> Completed: Opened 'simass' variable.
⦿──⦿  SIMBA  ⦿──⦿  |       INFO | 2026-05-19 15:30:58 | --> Completed: Opened 'sidmassth' variable.
⦿──⦿  SIMBA  ⦿──⦿  |       INFO | 2026-05-19 15:31:05 | --> Completed: Opened 'sidmassdyn' variable.
⦿──⦿  SIMBA  ⦿──⦿  |       INFO | 2026-05-19 15:31:11 | --> Completed: Opened 'sidmassgrowthwat' variable.
⦿──⦿  SIMBA  ⦿──⦿  |       INFO | 2026-05-19 15:31:17 | --> Completed: Opened 'sidmassgrowthbot' variable.
⦿──⦿  SIMBA  ⦿──⦿  |       INFO | 2026-05-19 15:31:23 | --> Completed: Opened 'sidmasssi' variable.
⦿──⦿  SIMBA  ⦿──⦿  |       INFO | 2026-05-19 15:31:30 | --> Completed: Opened 'sidmassevapsubl' variable.
⦿──⦿  SIMBA  ⦿──⦿  |       INFO | 2026-05-19 15:31:35 | --> Completed: Opened 'sidmassmelttop' variable.
⦿──⦿  SIMBA  ⦿──⦿  |       INFO | 2026-05-19 15:31:41 | --> Completed: Opened 'sidmassmeltbot' variable.
⦿──⦿  SIMBA  ⦿──⦿  |       INFO | 2026-05-19 15:31:41 | --> Completed: Created sea ice mass budget dataset from variables.
⦿──⦿  SIMBA  ⦿──⦿  |       INFO | 2026-05-19 15:31:41 | ==== Sea Ice Mass Budget Calculation ====
⦿──⦿  SIMBA  ⦿──⦿  |       INFO | 2026-05-19 15:31:41 | In Progress: Calculating Regional Sea Ice Mass Budget...
⦿──⦿  SIMBA  ⦿──⦿  |       INFO | 2026-05-19 15:31:44 | Completed: Calculated Regional Sea Ice Mass Budget.
⦿──⦿  SIMBA  ⦿──⦿  |       INFO | 2026-05-19 15:31:44 | ==== Outputs ====
⦿──⦿  SIMBA  ⦿──⦿  |       INFO | 2026-05-19 15:31:44 | In Progress: Saving Sea Ice Mass Budget Analysis outputs to netCDF file...
⦿──⦿  SIMBA  ⦿──⦿  |       INFO | 2026-05-19 15:32:39 | Completed: Saved Sea Ice Mass Budget Analysis outputs to file -> /g100_work/optim_IAC/research/noc/otooth/OptimESM/WP5/SeaIceMassBudgetMIP/contributions/EC-Earth3-ESM1/outputs//EC-Earth3-ESM-1_SIMBA_SH_esm-up2p0-gwl1p5-50y-dn2p0_r1i1p1f1_1976-01-2075-12.nc
⦿──⦿  SIMBA  ⦿──⦿  |       INFO | 2026-05-19 15:32:39 | Completed: Succesfully closed all netcdf files.
⦿──⦿  SIMBA  ⦿──⦿  |       INFO | 2026-05-19 15:32:39 | ✔ SIMBA Completed ✔
⦿──⦿  SIMBA  ⦿──⦿  |       INFO | 2026-05-19 15:32:41 | 
   ⦿──⦿──⦿──⦿──⦿──⦿──⦿──⦿──⦿──⦿──⦿──⦿
       Sea Ice Mass Budget Analysis      
   ⦿──⦿──⦿──⦿──⦿──⦿──⦿──⦿──⦿──⦿──⦿──⦿

        version: 0.1.0


⦿──⦿  SIMBA  ⦿──⦿  |       INFO | 2026-05-19 15:32:41 | ==== Inputs ====
⦿──⦿  SIMBA  ⦿──⦿  |       INFO | 2026-05-19 15:32:41 | Completed: Read & validated config file -> ./configs/EC-Earth3-ESM1_esm-up2p0-gwl-dn_config.toml
⦿──⦿  SIMBA  ⦿──⦿  |       INFO | 2026-05-19 15:32:41 | In Progress: Reading sea ice mass budget variables...
⦿──⦿  SIMBA  ⦿──⦿  |       INFO | 2026-05-19 15:32:41 | --> Completed: Opened 'mask' variable.
⦿──⦿  SIMBA  ⦿──⦿  |       INFO | 2026-05-19 15:32:41 | In Progress: Creating sea ice mass budget dataset from variables.
⦿──⦿  SIMBA  ⦿──⦿  |       INFO | 2026-05-19 15:32:41 | --> Completed: Opened 'areacello' variable.
⦿──⦿  SIMBA  ⦿──⦿  |       INFO | 2026-05-19 15:32:50 | --> Completed: Opened 'siconc' variable.
⦿──⦿  SIMBA  ⦿──⦿  |       INFO | 2026-05-19 15:32:57 | --> Completed: Opened 'sivol' variable.
⦿──⦿  SIMBA  ⦿──⦿  |       INFO | 2026-05-19 15:33:05 | --> Completed: Opened 'simass' variable.
⦿──⦿  SIMBA  ⦿──⦿  |       INFO | 2026-05-19 15:33:13 | --> Completed: Opened 'sidmassth' variable.
⦿──⦿  SIMBA  ⦿──⦿  |       INFO | 2026-05-19 15:33:21 | --> Completed: Opened 'sidmassdyn' variable.
⦿──⦿  SIMBA  ⦿──⦿  |       INFO | 2026-05-19 15:33:28 | --> Completed: Opened 'sidmassgrowthwat' variable.
⦿──⦿  SIMBA  ⦿──⦿  |       INFO | 2026-05-19 15:33:35 | --> Completed: Opened 'sidmassgrowthbot' variable.
⦿──⦿  SIMBA  ⦿──⦿  |       INFO | 2026-05-19 15:33:42 | --> Completed: Opened 'sidmasssi' variable.
⦿──⦿  SIMBA  ⦿──⦿  |       INFO | 2026-05-19 15:33:48 | --> Completed: Opened 'sidmassevapsubl' variable.
⦿──⦿  SIMBA  ⦿──⦿  |       INFO | 2026-05-19 15:33:55 | --> Completed: Opened 'sidmassmelttop' variable.
⦿──⦿  SIMBA  ⦿──⦿  |       INFO | 2026-05-19 15:34:02 | --> Completed: Opened 'sidmassmeltbot' variable.
⦿──⦿  SIMBA  ⦿──⦿  |       INFO | 2026-05-19 15:34:02 | --> Completed: Created sea ice mass budget dataset from variables.
⦿──⦿  SIMBA  ⦿──⦿  |       INFO | 2026-05-19 15:34:02 | ==== Sea Ice Mass Budget Calculation ====
⦿──⦿  SIMBA  ⦿──⦿  |       INFO | 2026-05-19 15:34:02 | In Progress: Calculating Regional Sea Ice Mass Budget...
⦿──⦿  SIMBA  ⦿──⦿  |       INFO | 2026-05-19 15:34:05 | Completed: Calculated Regional Sea Ice Mass Budget.
⦿──⦿  SIMBA  ⦿──⦿  |       INFO | 2026-05-19 15:34:05 | ==== Outputs ====
⦿──⦿  SIMBA  ⦿──⦿  |       INFO | 2026-05-19 15:34:05 | In Progress: Saving Sea Ice Mass Budget Analysis outputs to netCDF file...
⦿──⦿  SIMBA  ⦿──⦿  |       INFO | 2026-05-19 15:35:03 | Completed: Saved Sea Ice Mass Budget Analysis outputs to file -> /g100_work/optim_IAC/research/noc/otooth/OptimESM/WP5/SeaIceMassBudgetMIP/contributions/EC-Earth3-ESM1/outputs//EC-Earth3-ESM-1_SIMBA_SH_esm-up2p0-gwl2p0-200y-dn2p0_r1i1p1f1_2151-01-2258-12.nc
⦿──⦿  SIMBA  ⦿──⦿  |       INFO | 2026-05-19 15:35:03 | Completed: Succesfully closed all netcdf files.
⦿──⦿  SIMBA  ⦿──⦿  |       INFO | 2026-05-19 15:35:03 | ✔ SIMBA Completed ✔
⦿──⦿  SIMBA  ⦿──⦿  |       INFO | 2026-05-19 15:35:05 | 
   ⦿──⦿──⦿──⦿──⦿──⦿──⦿──⦿──⦿──⦿──⦿──⦿
       Sea Ice Mass Budget Analysis      
   ⦿──⦿──⦿──⦿──⦿──⦿──⦿──⦿──⦿──⦿──⦿──⦿

        version: 0.1.0


⦿──⦿  SIMBA  ⦿──⦿  |       INFO | 2026-05-19 15:35:05 | ==== Inputs ====
⦿──⦿  SIMBA  ⦿──⦿  |       INFO | 2026-05-19 15:35:05 | Completed: Read & validated config file -> ./configs/EC-Earth3-ESM1_esm-up2p0-gwl-dn_config.toml
⦿──⦿  SIMBA  ⦿──⦿  |       INFO | 2026-05-19 15:35:05 | In Progress: Reading sea ice mass budget variables...
⦿──⦿  SIMBA  ⦿──⦿  |       INFO | 2026-05-19 15:35:05 | --> Completed: Opened 'mask' variable.
⦿──⦿  SIMBA  ⦿──⦿  |       INFO | 2026-05-19 15:35:05 | In Progress: Creating sea ice mass budget dataset from variables.
⦿──⦿  SIMBA  ⦿──⦿  |       INFO | 2026-05-19 15:35:05 | --> Completed: Opened 'areacello' variable.
⦿──⦿  SIMBA  ⦿──⦿  |       INFO | 2026-05-19 15:35:22 | --> Completed: Opened 'siconc' variable.
⦿──⦿  SIMBA  ⦿──⦿  |       INFO | 2026-05-19 15:35:36 | --> Completed: Opened 'sivol' variable.
⦿──⦿  SIMBA  ⦿──⦿  |       INFO | 2026-05-19 15:35:50 | --> Completed: Opened 'simass' variable.
⦿──⦿  SIMBA  ⦿──⦿  |       INFO | 2026-05-19 15:36:05 | --> Completed: Opened 'sidmassth' variable.
⦿──⦿  SIMBA  ⦿──⦿  |       INFO | 2026-05-19 15:36:20 | --> Completed: Opened 'sidmassdyn' variable.
⦿──⦿  SIMBA  ⦿──⦿  |       INFO | 2026-05-19 15:36:33 | --> Completed: Opened 'sidmassgrowthwat' variable.
⦿──⦿  SIMBA  ⦿──⦿  |       INFO | 2026-05-19 15:36:47 | --> Completed: Opened 'sidmassgrowthbot' variable.
⦿──⦿  SIMBA  ⦿──⦿  |       INFO | 2026-05-19 15:37:00 | --> Completed: Opened 'sidmasssi' variable.
⦿──⦿  SIMBA  ⦿──⦿  |       INFO | 2026-05-19 15:37:13 | --> Completed: Opened 'sidmassevapsubl' variable.
⦿──⦿  SIMBA  ⦿──⦿  |       INFO | 2026-05-19 15:37:26 | --> Completed: Opened 'sidmassmelttop' variable.
⦿──⦿  SIMBA  ⦿──⦿  |       INFO | 2026-05-19 15:37:38 | --> Completed: Opened 'sidmassmeltbot' variable.
⦿──⦿  SIMBA  ⦿──⦿  |       INFO | 2026-05-19 15:37:38 | --> Completed: Created sea ice mass budget dataset from variables.
⦿──⦿  SIMBA  ⦿──⦿  |       INFO | 2026-05-19 15:37:38 | ==== Sea Ice Mass Budget Calculation ====
⦿──⦿  SIMBA  ⦿──⦿  |       INFO | 2026-05-19 15:37:38 | In Progress: Calculating Regional Sea Ice Mass Budget...
⦿──⦿  SIMBA  ⦿──⦿  |       INFO | 2026-05-19 15:37:43 | Completed: Calculated Regional Sea Ice Mass Budget.
⦿──⦿  SIMBA  ⦿──⦿  |       INFO | 2026-05-19 15:37:43 | ==== Outputs ====
⦿──⦿  SIMBA  ⦿──⦿  |       INFO | 2026-05-19 15:37:43 | In Progress: Saving Sea Ice Mass Budget Analysis outputs to netCDF file...
⦿──⦿  SIMBA  ⦿──⦿  |       INFO | 2026-05-19 15:40:48 | Completed: Saved Sea Ice Mass Budget Analysis outputs to file -> /g100_work/optim_IAC/research/noc/otooth/OptimESM/WP5/SeaIceMassBudgetMIP/contributions/EC-Earth3-ESM1/outputs//EC-Earth3-ESM-1_SIMBA_SH_esm-up2p0-gwl2p0-50y-dn1p0_r1i1p1f1_2001-01-2180-12.nc
⦿──⦿  SIMBA  ⦿──⦿  |       INFO | 2026-05-19 15:40:48 | Completed: Succesfully closed all netcdf files.
⦿──⦿  SIMBA  ⦿──⦿  |       INFO | 2026-05-19 15:40:48 | ✔ SIMBA Completed ✔
⦿──⦿  SIMBA  ⦿──⦿  |       INFO | 2026-05-19 15:40:50 | 
   ⦿──⦿──⦿──⦿──⦿──⦿──⦿──⦿──⦿──⦿──⦿──⦿
       Sea Ice Mass Budget Analysis      
   ⦿──⦿──⦿──⦿──⦿──⦿──⦿──⦿──⦿──⦿──⦿──⦿

        version: 0.1.0


⦿──⦿  SIMBA  ⦿──⦿  |       INFO | 2026-05-19 15:40:50 | ==== Inputs ====
⦿──⦿  SIMBA  ⦿──⦿  |       INFO | 2026-05-19 15:40:50 | Completed: Read & validated config file -> ./configs/EC-Earth3-ESM1_esm-up2p0-gwl-dn_config.toml
⦿──⦿  SIMBA  ⦿──⦿  |       INFO | 2026-05-19 15:40:50 | In Progress: Reading sea ice mass budget variables...
⦿──⦿  SIMBA  ⦿──⦿  |       INFO | 2026-05-19 15:40:50 | --> Completed: Opened 'mask' variable.
⦿──⦿  SIMBA  ⦿──⦿  |       INFO | 2026-05-19 15:40:50 | In Progress: Creating sea ice mass budget dataset from variables.
⦿──⦿  SIMBA  ⦿──⦿  |       INFO | 2026-05-19 15:40:50 | --> Completed: Opened 'areacello' variable.
⦿──⦿  SIMBA  ⦿──⦿  |       INFO | 2026-05-19 15:41:00 | --> Completed: Opened 'siconc' variable.
⦿──⦿  SIMBA  ⦿──⦿  |       INFO | 2026-05-19 15:41:08 | --> Completed: Opened 'sivol' variable.
⦿──⦿  SIMBA  ⦿──⦿  |       INFO | 2026-05-19 15:41:16 | --> Completed: Opened 'simass' variable.
⦿──⦿  SIMBA  ⦿──⦿  |       INFO | 2026-05-19 15:41:23 | --> Completed: Opened 'sidmassth' variable.
⦿──⦿  SIMBA  ⦿──⦿  |       INFO | 2026-05-19 15:41:29 | --> Completed: Opened 'sidmassdyn' variable.
⦿──⦿  SIMBA  ⦿──⦿  |       INFO | 2026-05-19 15:41:36 | --> Completed: Opened 'sidmassgrowthwat' variable.
⦿──⦿  SIMBA  ⦿──⦿  |       INFO | 2026-05-19 15:41:43 | --> Completed: Opened 'sidmassgrowthbot' variable.
⦿──⦿  SIMBA  ⦿──⦿  |       INFO | 2026-05-19 15:41:49 | --> Completed: Opened 'sidmasssi' variable.
⦿──⦿  SIMBA  ⦿──⦿  |       INFO | 2026-05-19 15:41:56 | --> Completed: Opened 'sidmassevapsubl' variable.
⦿──⦿  SIMBA  ⦿──⦿  |       INFO | 2026-05-19 15:42:03 | --> Completed: Opened 'sidmassmelttop' variable.
⦿──⦿  SIMBA  ⦿──⦿  |       INFO | 2026-05-19 15:42:10 | --> Completed: Opened 'sidmassmeltbot' variable.
⦿──⦿  SIMBA  ⦿──⦿  |       INFO | 2026-05-19 15:42:10 | --> Completed: Created sea ice mass budget dataset from variables.
⦿──⦿  SIMBA  ⦿──⦿  |       INFO | 2026-05-19 15:42:10 | ==== Sea Ice Mass Budget Calculation ====
⦿──⦿  SIMBA  ⦿──⦿  |       INFO | 2026-05-19 15:42:10 | In Progress: Calculating Regional Sea Ice Mass Budget...
⦿──⦿  SIMBA  ⦿──⦿  |       INFO | 2026-05-19 15:42:13 | Completed: Calculated Regional Sea Ice Mass Budget.
⦿──⦿  SIMBA  ⦿──⦿  |       INFO | 2026-05-19 15:42:13 | ==== Outputs ====
⦿──⦿  SIMBA  ⦿──⦿  |       INFO | 2026-05-19 15:42:13 | In Progress: Saving Sea Ice Mass Budget Analysis outputs to netCDF file...
⦿──⦿  SIMBA  ⦿──⦿  |       INFO | 2026-05-19 15:43:19 | Completed: Saved Sea Ice Mass Budget Analysis outputs to file -> /g100_work/optim_IAC/research/noc/otooth/OptimESM/WP5/SeaIceMassBudgetMIP/contributions/EC-Earth3-ESM1/outputs//EC-Earth3-ESM-1_SIMBA_SH_esm-up2p0-gwl2p0-50y-dn2p0_r1i1p1f1_2001-01-2120-12.nc
⦿──⦿  SIMBA  ⦿──⦿  |       INFO | 2026-05-19 15:43:19 | Completed: Succesfully closed all netcdf files.
⦿──⦿  SIMBA  ⦿──⦿  |       INFO | 2026-05-19 15:43:19 | ✔ SIMBA Completed ✔
⦿──⦿  SIMBA  ⦿──⦿  |       INFO | 2026-05-19 15:43:22 | 
   ⦿──⦿──⦿──⦿──⦿──⦿──⦿──⦿──⦿──⦿──⦿──⦿
       Sea Ice Mass Budget Analysis      
   ⦿──⦿──⦿──⦿──⦿──⦿──⦿──⦿──⦿──⦿──⦿──⦿

        version: 0.1.0


⦿──⦿  SIMBA  ⦿──⦿  |       INFO | 2026-05-19 15:43:22 | ==== Inputs ====
⦿──⦿  SIMBA  ⦿──⦿  |       INFO | 2026-05-19 15:43:22 | Completed: Read & validated config file -> ./configs/EC-Earth3-ESM1_esm-up2p0-gwl-dn_config.toml
⦿──⦿  SIMBA  ⦿──⦿  |       INFO | 2026-05-19 15:43:22 | In Progress: Reading sea ice mass budget variables...
⦿──⦿  SIMBA  ⦿──⦿  |       INFO | 2026-05-19 15:43:22 | --> Completed: Opened 'mask' variable.
⦿──⦿  SIMBA  ⦿──⦿  |       INFO | 2026-05-19 15:43:22 | In Progress: Creating sea ice mass budget dataset from variables.
⦿──⦿  SIMBA  ⦿──⦿  |       INFO | 2026-05-19 15:43:22 | --> Completed: Opened 'areacello' variable.
⦿──⦿  SIMBA  ⦿──⦿  |       INFO | 2026-05-19 15:43:43 | --> Completed: Opened 'siconc' variable.
⦿──⦿  SIMBA  ⦿──⦿  |       INFO | 2026-05-19 15:43:57 | --> Completed: Opened 'sivol' variable.
⦿──⦿  SIMBA  ⦿──⦿  |       INFO | 2026-05-19 15:44:10 | --> Completed: Opened 'simass' variable.
⦿──⦿  SIMBA  ⦿──⦿  |       INFO | 2026-05-19 15:44:23 | --> Completed: Opened 'sidmassth' variable.
⦿──⦿  SIMBA  ⦿──⦿  |       INFO | 2026-05-19 15:44:36 | --> Completed: Opened 'sidmassdyn' variable.
⦿──⦿  SIMBA  ⦿──⦿  |       INFO | 2026-05-19 15:44:48 | --> Completed: Opened 'sidmassgrowthwat' variable.
⦿──⦿  SIMBA  ⦿──⦿  |       INFO | 2026-05-19 15:45:00 | --> Completed: Opened 'sidmassgrowthbot' variable.
⦿──⦿  SIMBA  ⦿──⦿  |       INFO | 2026-05-19 15:45:11 | --> Completed: Opened 'sidmasssi' variable.
⦿──⦿  SIMBA  ⦿──⦿  |       INFO | 2026-05-19 15:45:23 | --> Completed: Opened 'sidmassevapsubl' variable.
⦿──⦿  SIMBA  ⦿──⦿  |       INFO | 2026-05-19 15:45:35 | --> Completed: Opened 'sidmassmelttop' variable.
⦿──⦿  SIMBA  ⦿──⦿  |       INFO | 2026-05-19 15:45:46 | --> Completed: Opened 'sidmassmeltbot' variable.
⦿──⦿  SIMBA  ⦿──⦿  |       INFO | 2026-05-19 15:45:46 | --> Completed: Created sea ice mass budget dataset from variables.
⦿──⦿  SIMBA  ⦿──⦿  |       INFO | 2026-05-19 15:45:46 | ==== Sea Ice Mass Budget Calculation ====
⦿──⦿  SIMBA  ⦿──⦿  |       INFO | 2026-05-19 15:45:46 | In Progress: Calculating Regional Sea Ice Mass Budget...
⦿──⦿  SIMBA  ⦿──⦿  |       INFO | 2026-05-19 15:45:51 | Completed: Calculated Regional Sea Ice Mass Budget.
⦿──⦿  SIMBA  ⦿──⦿  |       INFO | 2026-05-19 15:45:51 | ==== Outputs ====
⦿──⦿  SIMBA  ⦿──⦿  |       INFO | 2026-05-19 15:45:51 | In Progress: Saving Sea Ice Mass Budget Analysis outputs to netCDF file...
⦿──⦿  SIMBA  ⦿──⦿  |       INFO | 2026-05-19 15:48:39 | Completed: Saved Sea Ice Mass Budget Analysis outputs to file -> /g100_work/optim_IAC/research/noc/otooth/OptimESM/WP5/SeaIceMassBudgetMIP/contributions/EC-Earth3-ESM1/outputs//EC-Earth3-ESM-1_SIMBA_SH_esm-up2p0-gwl3p0-50y-dn2p0_r1i1p1f1_2051-01-2220-12.nc
⦿──⦿  SIMBA  ⦿──⦿  |       INFO | 2026-05-19 15:48:39 | Completed: Succesfully closed all netcdf files.
⦿──⦿  SIMBA  ⦿──⦿  |       INFO | 2026-05-19 15:48:39 | ✔ SIMBA Completed ✔
⦿──⦿  SIMBA  ⦿──⦿  |       INFO | 2026-05-19 15:48:42 | 
   ⦿──⦿──⦿──⦿──⦿──⦿──⦿──⦿──⦿──⦿──⦿──⦿
       Sea Ice Mass Budget Analysis      
   ⦿──⦿──⦿──⦿──⦿──⦿──⦿──⦿──⦿──⦿──⦿──⦿

        version: 0.1.0


⦿──⦿  SIMBA  ⦿──⦿  |       INFO | 2026-05-19 15:48:42 | ==== Inputs ====
⦿──⦿  SIMBA  ⦿──⦿  |       INFO | 2026-05-19 15:48:42 | Completed: Read & validated config file -> ./configs/EC-Earth3-ESM1_esm-up2p0-gwl-dn_config.toml
⦿──⦿  SIMBA  ⦿──⦿  |       INFO | 2026-05-19 15:48:42 | In Progress: Reading sea ice mass budget variables...
⦿──⦿  SIMBA  ⦿──⦿  |       INFO | 2026-05-19 15:48:42 | --> Completed: Opened 'mask' variable.
⦿──⦿  SIMBA  ⦿──⦿  |       INFO | 2026-05-19 15:48:42 | In Progress: Creating sea ice mass budget dataset from variables.
⦿──⦿  SIMBA  ⦿──⦿  |       INFO | 2026-05-19 15:48:42 | --> Completed: Opened 'areacello' variable.
⦿──⦿  SIMBA  ⦿──⦿  |       INFO | 2026-05-19 15:49:02 | --> Completed: Opened 'siconc' variable.
⦿──⦿  SIMBA  ⦿──⦿  |       INFO | 2026-05-19 15:49:19 | --> Completed: Opened 'sivol' variable.
⦿──⦿  SIMBA  ⦿──⦿  |       INFO | 2026-05-19 15:49:35 | --> Completed: Opened 'simass' variable.
⦿──⦿  SIMBA  ⦿──⦿  |       INFO | 2026-05-19 15:49:52 | --> Completed: Opened 'sidmassth' variable.
⦿──⦿  SIMBA  ⦿──⦿  |       INFO | 2026-05-19 15:50:09 | --> Completed: Opened 'sidmassdyn' variable.
⦿──⦿  SIMBA  ⦿──⦿  |       INFO | 2026-05-19 15:50:24 | --> Completed: Opened 'sidmassgrowthwat' variable.
⦿──⦿  SIMBA  ⦿──⦿  |       INFO | 2026-05-19 15:50:39 | --> Completed: Opened 'sidmassgrowthbot' variable.
⦿──⦿  SIMBA  ⦿──⦿  |       INFO | 2026-05-19 15:50:54 | --> Completed: Opened 'sidmasssi' variable.
⦿──⦿  SIMBA  ⦿──⦿  |       INFO | 2026-05-19 15:51:08 | --> Completed: Opened 'sidmassevapsubl' variable.
⦿──⦿  SIMBA  ⦿──⦿  |       INFO | 2026-05-19 15:51:23 | --> Completed: Opened 'sidmassmelttop' variable.
⦿──⦿  SIMBA  ⦿──⦿  |       INFO | 2026-05-19 15:51:38 | --> Completed: Opened 'sidmassmeltbot' variable.
⦿──⦿  SIMBA  ⦿──⦿  |       INFO | 2026-05-19 15:51:38 | --> Completed: Created sea ice mass budget dataset from variables.
⦿──⦿  SIMBA  ⦿──⦿  |       INFO | 2026-05-19 15:51:38 | ==== Sea Ice Mass Budget Calculation ====
⦿──⦿  SIMBA  ⦿──⦿  |       INFO | 2026-05-19 15:51:38 | In Progress: Calculating Regional Sea Ice Mass Budget...
⦿──⦿  SIMBA  ⦿──⦿  |       INFO | 2026-05-19 15:51:44 | Completed: Calculated Regional Sea Ice Mass Budget.
⦿──⦿  SIMBA  ⦿──⦿  |       INFO | 2026-05-19 15:51:44 | ==== Outputs ====
⦿──⦿  SIMBA  ⦿──⦿  |       INFO | 2026-05-19 15:51:44 | In Progress: Saving Sea Ice Mass Budget Analysis outputs to netCDF file...
⦿──⦿  SIMBA  ⦿──⦿  |       INFO | 2026-05-19 15:55:24 | Completed: Saved Sea Ice Mass Budget Analysis outputs to file -> /g100_work/optim_IAC/research/noc/otooth/OptimESM/WP5/SeaIceMassBudgetMIP/contributions/EC-Earth3-ESM1/outputs//EC-Earth3-ESM-1_SIMBA_SH_esm-up2p0-gwl4p0-200y-dn2p0_r1i1p1f1_2251-01-2464-12.nc
⦿──⦿  SIMBA  ⦿──⦿  |       INFO | 2026-05-19 15:55:24 | Completed: Succesfully closed all netcdf files.
⦿──⦿  SIMBA  ⦿──⦿  |       INFO | 2026-05-19 15:55:24 | ✔ SIMBA Completed ✔
⦿──⦿  SIMBA  ⦿──⦿  |       INFO | 2026-05-19 15:55:28 | 
   ⦿──⦿──⦿──⦿──⦿──⦿──⦿──⦿──⦿──⦿──⦿──⦿
       Sea Ice Mass Budget Analysis      
   ⦿──⦿──⦿──⦿──⦿──⦿──⦿──⦿──⦿──⦿──⦿──⦿

        version: 0.1.0


⦿──⦿  SIMBA  ⦿──⦿  |       INFO | 2026-05-19 15:55:28 | ==== Inputs ====
⦿──⦿  SIMBA  ⦿──⦿  |       INFO | 2026-05-19 15:55:28 | Completed: Read & validated config file -> ./configs/EC-Earth3-ESM1_esm-up2p0-gwl-dn_config.toml
⦿──⦿  SIMBA  ⦿──⦿  |       INFO | 2026-05-19 15:55:28 | In Progress: Reading sea ice mass budget variables...
⦿──⦿  SIMBA  ⦿──⦿  |       INFO | 2026-05-19 15:55:28 | --> Completed: Opened 'mask' variable.
⦿──⦿  SIMBA  ⦿──⦿  |       INFO | 2026-05-19 15:55:28 | In Progress: Creating sea ice mass budget dataset from variables.
⦿──⦿  SIMBA  ⦿──⦿  |       INFO | 2026-05-19 15:55:28 | --> Completed: Opened 'areacello' variable.
⦿──⦿  SIMBA  ⦿──⦿  |       INFO | 2026-05-19 15:56:03 | --> Completed: Opened 'siconc' variable.
⦿──⦿  SIMBA  ⦿──⦿  |       INFO | 2026-05-19 15:56:33 | --> Completed: Opened 'sivol' variable.
⦿──⦿  SIMBA  ⦿──⦿  |       INFO | 2026-05-19 15:57:03 | --> Completed: Opened 'simass' variable.
⦿──⦿  SIMBA  ⦿──⦿  |       INFO | 2026-05-19 15:57:34 | --> Completed: Opened 'sidmassth' variable.
⦿──⦿  SIMBA  ⦿──⦿  |       INFO | 2026-05-19 15:58:03 | --> Completed: Opened 'sidmassdyn' variable.
⦿──⦿  SIMBA  ⦿──⦿  |       INFO | 2026-05-19 15:58:31 | --> Completed: Opened 'sidmassgrowthwat' variable.
⦿──⦿  SIMBA  ⦿──⦿  |       INFO | 2026-05-19 15:59:00 | --> Completed: Opened 'sidmassgrowthbot' variable.
⦿──⦿  SIMBA  ⦿──⦿  |       INFO | 2026-05-19 15:59:29 | --> Completed: Opened 'sidmasssi' variable.
⦿──⦿  SIMBA  ⦿──⦿  |       INFO | 2026-05-19 15:59:57 | --> Completed: Opened 'sidmassevapsubl' variable.
⦿──⦿  SIMBA  ⦿──⦿  |       INFO | 2026-05-19 16:00:26 | --> Completed: Opened 'sidmassmelttop' variable.
⦿──⦿  SIMBA  ⦿──⦿  |       INFO | 2026-05-19 16:00:54 | --> Completed: Opened 'sidmassmeltbot' variable.
⦿──⦿  SIMBA  ⦿──⦿  |       INFO | 2026-05-19 16:00:54 | --> Completed: Created sea ice mass budget dataset from variables.
⦿──⦿  SIMBA  ⦿──⦿  |       INFO | 2026-05-19 16:00:54 | ==== Sea Ice Mass Budget Calculation ====
⦿──⦿  SIMBA  ⦿──⦿  |       INFO | 2026-05-19 16:00:54 | In Progress: Calculating Regional Sea Ice Mass Budget...
⦿──⦿  SIMBA  ⦿──⦿  |       INFO | 2026-05-19 16:01:04 | Completed: Calculated Regional Sea Ice Mass Budget.
⦿──⦿  SIMBA  ⦿──⦿  |       INFO | 2026-05-19 16:01:04 | ==== Outputs ====
⦿──⦿  SIMBA  ⦿──⦿  |       INFO | 2026-05-19 16:01:04 | In Progress: Saving Sea Ice Mass Budget Analysis outputs to netCDF file...
⦿──⦿  SIMBA  ⦿──⦿  |       INFO | 2026-05-19 16:09:18 | Completed: Saved Sea Ice Mass Budget Analysis outputs to file -> /g100_work/optim_IAC/research/noc/otooth/OptimESM/WP5/SeaIceMassBudgetMIP/contributions/EC-Earth3-ESM1/outputs//EC-Earth3-ESM-1_SIMBA_SH_esm-up2p0-gwl4p0-50y-dn1p0_r1i1p1f1_2101-01-2486-12.nc
⦿──⦿  SIMBA  ⦿──⦿  |       INFO | 2026-05-19 16:09:18 | Completed: Succesfully closed all netcdf files.
⦿──⦿  SIMBA  ⦿──⦿  |       INFO | 2026-05-19 16:09:18 | ✔ SIMBA Completed ✔
⦿──⦿  SIMBA  ⦿──⦿  |       INFO | 2026-05-19 16:09:21 | 
   ⦿──⦿──⦿──⦿──⦿──⦿──⦿──⦿──⦿──⦿──⦿──⦿
       Sea Ice Mass Budget Analysis      
   ⦿──⦿──⦿──⦿──⦿──⦿──⦿──⦿──⦿──⦿──⦿──⦿

        version: 0.1.0


⦿──⦿  SIMBA  ⦿──⦿  |       INFO | 2026-05-19 16:09:21 | ==== Inputs ====
⦿──⦿  SIMBA  ⦿──⦿  |       INFO | 2026-05-19 16:09:21 | Completed: Read & validated config file -> ./configs/EC-Earth3-ESM1_esm-up2p0-gwl-dn_config.toml
⦿──⦿  SIMBA  ⦿──⦿  |       INFO | 2026-05-19 16:09:21 | In Progress: Reading sea ice mass budget variables...
⦿──⦿  SIMBA  ⦿──⦿  |       INFO | 2026-05-19 16:09:21 | --> Completed: Opened 'mask' variable.
⦿──⦿  SIMBA  ⦿──⦿  |       INFO | 2026-05-19 16:09:21 | In Progress: Creating sea ice mass budget dataset from variables.
⦿──⦿  SIMBA  ⦿──⦿  |       INFO | 2026-05-19 16:09:21 | --> Completed: Opened 'areacello' variable.
⦿──⦿  SIMBA  ⦿──⦿  |       INFO | 2026-05-19 16:09:43 | --> Completed: Opened 'siconc' variable.
⦿──⦿  SIMBA  ⦿──⦿  |       INFO | 2026-05-19 16:10:02 | --> Completed: Opened 'sivol' variable.
⦿──⦿  SIMBA  ⦿──⦿  |       INFO | 2026-05-19 16:10:19 | --> Completed: Opened 'simass' variable.
⦿──⦿  SIMBA  ⦿──⦿  |       INFO | 2026-05-19 16:10:37 | --> Completed: Opened 'sidmassth' variable.
⦿──⦿  SIMBA  ⦿──⦿  |       INFO | 2026-05-19 16:10:55 | --> Completed: Opened 'sidmassdyn' variable.
⦿──⦿  SIMBA  ⦿──⦿  |       INFO | 2026-05-19 16:11:12 | --> Completed: Opened 'sidmassgrowthwat' variable.
⦿──⦿  SIMBA  ⦿──⦿  |       INFO | 2026-05-19 16:11:28 | --> Completed: Opened 'sidmassgrowthbot' variable.
⦿──⦿  SIMBA  ⦿──⦿  |       INFO | 2026-05-19 16:11:44 | --> Completed: Opened 'sidmasssi' variable.
⦿──⦿  SIMBA  ⦿──⦿  |       INFO | 2026-05-19 16:12:00 | --> Completed: Opened 'sidmassevapsubl' variable.
⦿──⦿  SIMBA  ⦿──⦿  |       INFO | 2026-05-19 16:12:16 | --> Completed: Opened 'sidmassmelttop' variable.
⦿──⦿  SIMBA  ⦿──⦿  |       INFO | 2026-05-19 16:12:32 | --> Completed: Opened 'sidmassmeltbot' variable.
⦿──⦿  SIMBA  ⦿──⦿  |       INFO | 2026-05-19 16:12:32 | --> Completed: Created sea ice mass budget dataset from variables.
⦿──⦿  SIMBA  ⦿──⦿  |       INFO | 2026-05-19 16:12:32 | ==== Sea Ice Mass Budget Calculation ====
⦿──⦿  SIMBA  ⦿──⦿  |       INFO | 2026-05-19 16:12:32 | In Progress: Calculating Regional Sea Ice Mass Budget...
⦿──⦿  SIMBA  ⦿──⦿  |       INFO | 2026-05-19 16:12:39 | Completed: Calculated Regional Sea Ice Mass Budget.
⦿──⦿  SIMBA  ⦿──⦿  |       INFO | 2026-05-19 16:12:39 | ==== Outputs ====
⦿──⦿  SIMBA  ⦿──⦿  |       INFO | 2026-05-19 16:12:39 | In Progress: Saving Sea Ice Mass Budget Analysis outputs to netCDF file...
⦿──⦿  SIMBA  ⦿──⦿  |       INFO | 2026-05-19 16:16:27 | Completed: Saved Sea Ice Mass Budget Analysis outputs to file -> /g100_work/optim_IAC/research/noc/otooth/OptimESM/WP5/SeaIceMassBudgetMIP/contributions/EC-Earth3-ESM1/outputs//EC-Earth3-ESM-1_SIMBA_SH_esm-up2p0-gwl4p0-50y-dn2p0_r1i1p1f1_2101-01-2320-12.nc
⦿──⦿  SIMBA  ⦿──⦿  |       INFO | 2026-05-19 16:16:27 | Completed: Succesfully closed all netcdf files.
⦿──⦿  SIMBA  ⦿──⦿  |       INFO | 2026-05-19 16:16:28 | ✔ SIMBA Completed ✔
⦿──⦿  SIMBA  ⦿──⦿  |       INFO | 2026-05-19 16:52:28 | 
   ⦿──⦿──⦿──⦿──⦿──⦿──⦿──⦿──⦿──⦿──⦿──⦿
       Sea Ice Mass Budget Analysis      
   ⦿──⦿──⦿──⦿──⦿──⦿──⦿──⦿──⦿──⦿──⦿──⦿

        version: 0.1.0


⦿──⦿  SIMBA  ⦿──⦿  |       INFO | 2026-05-19 16:52:28 | ==== Inputs ====
⦿──⦿  SIMBA  ⦿──⦿  |       INFO | 2026-05-19 16:52:28 | Completed: Read & validated config file -> ./configs/EC-Earth3-ESM1_esm-hist_config.toml
⦿──⦿  SIMBA  ⦿──⦿  |       INFO | 2026-05-19 16:52:28 | In Progress: Reading sea ice mass budget variables...
⦿──⦿  SIMBA  ⦿──⦿  |       INFO | 2026-05-19 16:52:29 | --> Completed: Opened 'mask' variable.
⦿──⦿  SIMBA  ⦿──⦿  |       INFO | 2026-05-19 16:52:29 | In Progress: Creating sea ice mass budget dataset from variables.
⦿──⦿  SIMBA  ⦿──⦿  |       INFO | 2026-05-19 16:52:29 | --> Completed: Opened 'areacello' variable.
⦿──⦿  SIMBA  ⦿──⦿  |       INFO | 2026-05-19 16:52:45 | --> Completed: Opened 'siconc' variable.
⦿──⦿  SIMBA  ⦿──⦿  |       INFO | 2026-05-19 16:52:56 | --> Completed: Opened 'sivol' variable.
⦿──⦿  SIMBA  ⦿──⦿  |       INFO | 2026-05-19 16:53:07 | --> Completed: Opened 'simass' variable.
⦿──⦿  SIMBA  ⦿──⦿  |       INFO | 2026-05-19 16:53:18 | --> Completed: Opened 'sidmassth' variable.
⦿──⦿  SIMBA  ⦿──⦿  |       INFO | 2026-05-19 16:53:30 | --> Completed: Opened 'sidmassdyn' variable.
⦿──⦿  SIMBA  ⦿──⦿  |       INFO | 2026-05-19 16:53:41 | --> Completed: Opened 'sidmassgrowthwat' variable.
⦿──⦿  SIMBA  ⦿──⦿  |       INFO | 2026-05-19 16:53:53 | --> Completed: Opened 'sidmassgrowthbot' variable.
⦿──⦿  SIMBA  ⦿──⦿  |       INFO | 2026-05-19 16:54:03 | --> Completed: Opened 'sidmasssi' variable.
⦿──⦿  SIMBA  ⦿──⦿  |       INFO | 2026-05-19 16:54:15 | --> Completed: Opened 'sidmassevapsubl' variable.
⦿──⦿  SIMBA  ⦿──⦿  |       INFO | 2026-05-19 16:54:25 | --> Completed: Opened 'sidmassmelttop' variable.
⦿──⦿  SIMBA  ⦿──⦿  |       INFO | 2026-05-19 16:54:36 | --> Completed: Opened 'sidmassmeltbot' variable.
⦿──⦿  SIMBA  ⦿──⦿  |       INFO | 2026-05-19 16:54:36 | --> Completed: Created sea ice mass budget dataset from variables.
⦿──⦿  SIMBA  ⦿──⦿  |       INFO | 2026-05-19 16:54:36 | ==== Sea Ice Mass Budget Calculation ====
⦿──⦿  SIMBA  ⦿──⦿  |       INFO | 2026-05-19 16:54:36 | In Progress: Calculating Regional Sea Ice Mass Budget...
⦿──⦿  SIMBA  ⦿──⦿  |       INFO | 2026-05-19 16:54:41 | Completed: Calculated Regional Sea Ice Mass Budget.
⦿──⦿  SIMBA  ⦿──⦿  |       INFO | 2026-05-19 16:54:41 | ==== Outputs ====
⦿──⦿  SIMBA  ⦿──⦿  |       INFO | 2026-05-19 16:54:41 | In Progress: Saving Sea Ice Mass Budget Analysis outputs to netCDF file...
⦿──⦿  SIMBA  ⦿──⦿  |       INFO | 2026-05-19 16:57:23 | Completed: Saved Sea Ice Mass Budget Analysis outputs to file -> /g100_work/optim_IAC/research/noc/otooth/OptimESM/WP5/SeaIceMassBudgetMIP/contributions/EC-Earth3-ESM1/outputs//EC-Earth3-ESM1_SIMBA_NH_esm-hist_r1i1p1f1_1850-01-2014-12.nc
⦿──⦿  SIMBA  ⦿──⦿  |       INFO | 2026-05-19 16:57:23 | Completed: Succesfully closed all netcdf files.
⦿──⦿  SIMBA  ⦿──⦿  |       INFO | 2026-05-19 16:57:23 | ✔ SIMBA Completed ✔
⦿──⦿  SIMBA  ⦿──⦿  |       INFO | 2026-05-19 16:59:17 | 
   ⦿──⦿──⦿──⦿──⦿──⦿──⦿──⦿──⦿──⦿──⦿──⦿
       Sea Ice Mass Budget Analysis      
   ⦿──⦿──⦿──⦿──⦿──⦿──⦿──⦿──⦿──⦿──⦿──⦿

        version: 0.1.0


⦿──⦿  SIMBA  ⦿──⦿  |       INFO | 2026-05-19 16:59:17 | ==== Inputs ====
⦿──⦿  SIMBA  ⦿──⦿  |       INFO | 2026-05-19 16:59:17 | Completed: Read & validated config file -> ./configs/EC-Earth3-ESM1_esm-piControl_config.toml
⦿──⦿  SIMBA  ⦿──⦿  |       INFO | 2026-05-19 16:59:17 | In Progress: Reading sea ice mass budget variables...
⦿──⦿  SIMBA  ⦿──⦿  |       INFO | 2026-05-19 16:59:17 | --> Completed: Opened 'mask' variable.
⦿──⦿  SIMBA  ⦿──⦿  |       INFO | 2026-05-19 16:59:17 | In Progress: Creating sea ice mass budget dataset from variables.
⦿──⦿  SIMBA  ⦿──⦿  |       INFO | 2026-05-19 16:59:17 | --> Completed: Opened 'areacello' variable.
⦿──⦿  SIMBA  ⦿──⦿  |       INFO | 2026-05-19 17:00:13 | --> Completed: Opened 'siconc' variable.
⦿──⦿  SIMBA  ⦿──⦿  |       INFO | 2026-05-19 17:01:00 | --> Completed: Opened 'sivol' variable.
⦿──⦿  SIMBA  ⦿──⦿  |       INFO | 2026-05-19 17:01:49 | --> Completed: Opened 'simass' variable.
⦿──⦿  SIMBA  ⦿──⦿  |       INFO | 2026-05-19 17:02:37 | --> Completed: Opened 'sidmassth' variable.
⦿──⦿  SIMBA  ⦿──⦿  |       INFO | 2026-05-19 17:03:24 | --> Completed: Opened 'sidmassdyn' variable.
⦿──⦿  SIMBA  ⦿──⦿  |       INFO | 2026-05-19 17:04:11 | --> Completed: Opened 'sidmassgrowthwat' variable.
⦿──⦿  SIMBA  ⦿──⦿  |       INFO | 2026-05-19 17:04:58 | --> Completed: Opened 'sidmassgrowthbot' variable.
⦿──⦿  SIMBA  ⦿──⦿  |       INFO | 2026-05-19 17:05:43 | --> Completed: Opened 'sidmasssi' variable.
⦿──⦿  SIMBA  ⦿──⦿  |       INFO | 2026-05-19 17:06:29 | --> Completed: Opened 'sidmassevapsubl' variable.
⦿──⦿  SIMBA  ⦿──⦿  |       INFO | 2026-05-19 17:07:14 | --> Completed: Opened 'sidmassmelttop' variable.
⦿──⦿  SIMBA  ⦿──⦿  |       INFO | 2026-05-19 17:08:00 | --> Completed: Opened 'sidmassmeltbot' variable.
⦿──⦿  SIMBA  ⦿──⦿  |       INFO | 2026-05-19 17:08:00 | --> Completed: Created sea ice mass budget dataset from variables.
⦿──⦿  SIMBA  ⦿──⦿  |       INFO | 2026-05-19 17:08:00 | ==== Sea Ice Mass Budget Calculation ====
⦿──⦿  SIMBA  ⦿──⦿  |       INFO | 2026-05-19 17:08:00 | In Progress: Calculating Regional Sea Ice Mass Budget...
⦿──⦿  SIMBA  ⦿──⦿  |       INFO | 2026-05-19 17:08:17 | Completed: Calculated Regional Sea Ice Mass Budget.
⦿──⦿  SIMBA  ⦿──⦿  |       INFO | 2026-05-19 17:08:17 | ==== Outputs ====
⦿──⦿  SIMBA  ⦿──⦿  |       INFO | 2026-05-19 17:08:17 | In Progress: Saving Sea Ice Mass Budget Analysis outputs to netCDF file...
⦿──⦿  SIMBA  ⦿──⦿  |       INFO | 2026-05-19 17:22:46 | Completed: Saved Sea Ice Mass Budget Analysis outputs to file -> /g100_work/optim_IAC/research/noc/otooth/OptimESM/WP5/SeaIceMassBudgetMIP/contributions/EC-Earth3-ESM1/outputs//EC-Earth3-ESM-1_SIMBA_NH_esm-piControl_r1i1p1f1_1850-01-2450-12.nc
⦿──⦿  SIMBA  ⦿──⦿  |       INFO | 2026-05-19 17:22:46 | Completed: Succesfully closed all netcdf files.
⦿──⦿  SIMBA  ⦿──⦿  |       INFO | 2026-05-19 17:22:46 | ✔ SIMBA Completed ✔
⦿──⦿  SIMBA  ⦿──⦿  |       INFO | 2026-05-19 17:23:59 | 
   ⦿──⦿──⦿──⦿──⦿──⦿──⦿──⦿──⦿──⦿──⦿──⦿
       Sea Ice Mass Budget Analysis      
   ⦿──⦿──⦿──⦿──⦿──⦿──⦿──⦿──⦿──⦿──⦿──⦿

        version: 0.1.0


⦿──⦿  SIMBA  ⦿──⦿  |       INFO | 2026-05-19 17:23:59 | ==== Inputs ====
⦿──⦿  SIMBA  ⦿──⦿  |       INFO | 2026-05-19 17:23:59 | Completed: Read & validated config file -> ./configs/EC-Earth3-ESM1_esm-up2p0_config.toml
⦿──⦿  SIMBA  ⦿──⦿  |       INFO | 2026-05-19 17:23:59 | In Progress: Reading sea ice mass budget variables...
⦿──⦿  SIMBA  ⦿──⦿  |       INFO | 2026-05-19 17:23:59 | --> Completed: Opened 'mask' variable.
⦿──⦿  SIMBA  ⦿──⦿  |       INFO | 2026-05-19 17:23:59 | In Progress: Creating sea ice mass budget dataset from variables.
⦿──⦿  SIMBA  ⦿──⦿  |       INFO | 2026-05-19 17:23:59 | --> Completed: Opened 'areacello' variable.
⦿──⦿  SIMBA  ⦿──⦿  |       INFO | 2026-05-19 17:24:29 | --> Completed: Opened 'siconc' variable.
⦿──⦿  SIMBA  ⦿──⦿  |       INFO | 2026-05-19 17:24:54 | --> Completed: Opened 'sivol' variable.
⦿──⦿  SIMBA  ⦿──⦿  |       INFO | 2026-05-19 17:25:18 | --> Completed: Opened 'simass' variable.
⦿──⦿  SIMBA  ⦿──⦿  |       INFO | 2026-05-19 17:25:43 | --> Completed: Opened 'sidmassth' variable.
⦿──⦿  SIMBA  ⦿──⦿  |       INFO | 2026-05-19 17:26:08 | --> Completed: Opened 'sidmassdyn' variable.
⦿──⦿  SIMBA  ⦿──⦿  |       INFO | 2026-05-19 17:26:32 | --> Completed: Opened 'sidmassgrowthwat' variable.
⦿──⦿  SIMBA  ⦿──⦿  |       INFO | 2026-05-19 17:26:56 | --> Completed: Opened 'sidmassgrowthbot' variable.
⦿──⦿  SIMBA  ⦿──⦿  |       INFO | 2026-05-19 17:27:21 | --> Completed: Opened 'sidmasssi' variable.
⦿──⦿  SIMBA  ⦿──⦿  |       INFO | 2026-05-19 17:27:46 | --> Completed: Opened 'sidmassevapsubl' variable.
⦿──⦿  SIMBA  ⦿──⦿  |       INFO | 2026-05-19 17:28:10 | --> Completed: Opened 'sidmassmelttop' variable.
⦿──⦿  SIMBA  ⦿──⦿  |       INFO | 2026-05-19 17:28:34 | --> Completed: Opened 'sidmassmeltbot' variable.
⦿──⦿  SIMBA  ⦿──⦿  |       INFO | 2026-05-19 17:28:34 | --> Completed: Created sea ice mass budget dataset from variables.
⦿──⦿  SIMBA  ⦿──⦿  |       INFO | 2026-05-19 17:28:34 | ==== Sea Ice Mass Budget Calculation ====
⦿──⦿  SIMBA  ⦿──⦿  |       INFO | 2026-05-19 17:28:34 | In Progress: Calculating Regional Sea Ice Mass Budget...
⦿──⦿  SIMBA  ⦿──⦿  |       INFO | 2026-05-19 17:28:44 | Completed: Calculated Regional Sea Ice Mass Budget.
⦿──⦿  SIMBA  ⦿──⦿  |       INFO | 2026-05-19 17:28:44 | ==== Outputs ====
⦿──⦿  SIMBA  ⦿──⦿  |       INFO | 2026-05-19 17:28:44 | In Progress: Saving Sea Ice Mass Budget Analysis outputs to netCDF file...
⦿──⦿  SIMBA  ⦿──⦿  |       INFO | 2026-05-19 17:34:58 | Completed: Saved Sea Ice Mass Budget Analysis outputs to file -> /g100_work/optim_IAC/research/noc/otooth/OptimESM/WP5/SeaIceMassBudgetMIP/contributions/EC-Earth3-ESM1/outputs//EC-Earth3-ESM-1_SIMBA_NH_esm-up2p0_r5i1p1f1_1850-01-2199-12.nc
⦿──⦿  SIMBA  ⦿──⦿  |       INFO | 2026-05-19 17:34:58 | Completed: Succesfully closed all netcdf files.
⦿──⦿  SIMBA  ⦿──⦿  |       INFO | 2026-05-19 17:34:58 | ✔ SIMBA Completed ✔
⦿──⦿  SIMBA  ⦿──⦿  |       INFO | 2026-05-19 21:45:26 | 
   ⦿──⦿──⦿──⦿──⦿──⦿──⦿──⦿──⦿──⦿──⦿──⦿
       Sea Ice Mass Budget Analysis      
   ⦿──⦿──⦿──⦿──⦿──⦿──⦿──⦿──⦿──⦿──⦿──⦿

        version: 0.1.0


⦿──⦿  SIMBA  ⦿──⦿  |       INFO | 2026-05-19 21:45:26 | ==== Inputs ====
⦿──⦿  SIMBA  ⦿──⦿  |       INFO | 2026-05-19 21:45:26 | Completed: Read & validated config file -> ./configs/EC-Earth3-ESM1_esm-up2p0-gwl_config.toml
⦿──⦿  SIMBA  ⦿──⦿  |       INFO | 2026-05-19 21:45:26 | In Progress: Reading sea ice mass budget variables...
⦿──⦿  SIMBA  ⦿──⦿  |       INFO | 2026-05-19 21:45:28 | --> Completed: Opened 'mask' variable.
⦿──⦿  SIMBA  ⦿──⦿  |       INFO | 2026-05-19 21:45:28 | In Progress: Creating sea ice mass budget dataset from variables.
⦿──⦿  SIMBA  ⦿──⦿  |       INFO | 2026-05-19 21:45:28 | --> Completed: Opened 'areacello' variable.
⦿──⦿  SIMBA  ⦿──⦿  |       INFO | 2026-05-19 21:46:05 | --> Completed: Opened 'siconc' variable.
⦿──⦿  SIMBA  ⦿──⦿  |       INFO | 2026-05-19 21:46:27 | --> Completed: Opened 'sivol' variable.
⦿──⦿  SIMBA  ⦿──⦿  |       INFO | 2026-05-19 21:46:49 | --> Completed: Opened 'simass' variable.
⦿──⦿  SIMBA  ⦿──⦿  |       INFO | 2026-05-19 21:47:10 | --> Completed: Opened 'sidmassth' variable.
⦿──⦿  SIMBA  ⦿──⦿  |       INFO | 2026-05-19 21:47:31 | --> Completed: Opened 'sidmassdyn' variable.
⦿──⦿  SIMBA  ⦿──⦿  |       INFO | 2026-05-19 21:47:51 | --> Completed: Opened 'sidmassgrowthwat' variable.
⦿──⦿  SIMBA  ⦿──⦿  |       INFO | 2026-05-19 21:48:12 | --> Completed: Opened 'sidmassgrowthbot' variable.
⦿──⦿  SIMBA  ⦿──⦿  |       INFO | 2026-05-19 21:48:32 | --> Completed: Opened 'sidmasssi' variable.
⦿──⦿  SIMBA  ⦿──⦿  |       INFO | 2026-05-19 21:48:52 | --> Completed: Opened 'sidmassevapsubl' variable.
⦿──⦿  SIMBA  ⦿──⦿  |       INFO | 2026-05-19 21:49:12 | --> Completed: Opened 'sidmassmelttop' variable.
⦿──⦿  SIMBA  ⦿──⦿  |       INFO | 2026-05-19 21:49:32 | --> Completed: Opened 'sidmassmeltbot' variable.
⦿──⦿  SIMBA  ⦿──⦿  |       INFO | 2026-05-19 21:49:32 | --> Completed: Created sea ice mass budget dataset from variables.
⦿──⦿  SIMBA  ⦿──⦿  |       INFO | 2026-05-19 21:49:32 | ==== Sea Ice Mass Budget Calculation ====
⦿──⦿  SIMBA  ⦿──⦿  |       INFO | 2026-05-19 21:49:32 | In Progress: Calculating Regional Sea Ice Mass Budget...
⦿──⦿  SIMBA  ⦿──⦿  |       INFO | 2026-05-19 21:49:41 | Completed: Calculated Regional Sea Ice Mass Budget.
⦿──⦿  SIMBA  ⦿──⦿  |       INFO | 2026-05-19 21:49:41 | ==== Outputs ====
⦿──⦿  SIMBA  ⦿──⦿  |       INFO | 2026-05-19 21:49:41 | In Progress: Saving Sea Ice Mass Budget Analysis outputs to netCDF file...
⦿──⦿  SIMBA  ⦿──⦿  |       INFO | 2026-05-19 21:54:55 | Completed: Saved Sea Ice Mass Budget Analysis outputs to file -> /g100_work/optim_IAC/research/noc/otooth/OptimESM/WP5/SeaIceMassBudgetMIP/contributions/EC-Earth3-ESM1/outputs//EC-Earth3-ESM-1_SIMBA_NH_esm-up2p0-gwl1p5_r1i1p1f1_1926-01-2225-12.nc
⦿──⦿  SIMBA  ⦿──⦿  |       INFO | 2026-05-19 21:54:55 | Completed: Succesfully closed all netcdf files.
⦿──⦿  SIMBA  ⦿──⦿  |       INFO | 2026-05-19 21:54:55 | ✔ SIMBA Completed ✔
⦿──⦿  SIMBA  ⦿──⦿  |       INFO | 2026-05-19 21:54:58 | 
   ⦿──⦿──⦿──⦿──⦿──⦿──⦿──⦿──⦿──⦿──⦿──⦿
       Sea Ice Mass Budget Analysis      
   ⦿──⦿──⦿──⦿──⦿──⦿──⦿──⦿──⦿──⦿──⦿──⦿

        version: 0.1.0


⦿──⦿  SIMBA  ⦿──⦿  |       INFO | 2026-05-19 21:54:58 | ==== Inputs ====
⦿──⦿  SIMBA  ⦿──⦿  |       INFO | 2026-05-19 21:54:58 | Completed: Read & validated config file -> ./configs/EC-Earth3-ESM1_esm-up2p0-gwl_config.toml
⦿──⦿  SIMBA  ⦿──⦿  |       INFO | 2026-05-19 21:54:58 | In Progress: Reading sea ice mass budget variables...
⦿──⦿  SIMBA  ⦿──⦿  |       INFO | 2026-05-19 21:54:58 | --> Completed: Opened 'mask' variable.
⦿──⦿  SIMBA  ⦿──⦿  |       INFO | 2026-05-19 21:54:58 | In Progress: Creating sea ice mass budget dataset from variables.
⦿──⦿  SIMBA  ⦿──⦿  |       INFO | 2026-05-19 21:54:58 | --> Completed: Opened 'areacello' variable.
⦿──⦿  SIMBA  ⦿──⦿  |       INFO | 2026-05-19 21:55:42 | --> Completed: Opened 'siconc' variable.
⦿──⦿  SIMBA  ⦿──⦿  |       INFO | 2026-05-19 21:56:21 | --> Completed: Opened 'sivol' variable.
⦿──⦿  SIMBA  ⦿──⦿  |       INFO | 2026-05-19 21:56:59 | --> Completed: Opened 'simass' variable.
⦿──⦿  SIMBA  ⦿──⦿  |       INFO | 2026-05-19 21:57:37 | --> Completed: Opened 'sidmassth' variable.
⦿──⦿  SIMBA  ⦿──⦿  |       INFO | 2026-05-19 21:58:15 | --> Completed: Opened 'sidmassdyn' variable.
⦿──⦿  SIMBA  ⦿──⦿  |       INFO | 2026-05-19 21:58:52 | --> Completed: Opened 'sidmassgrowthwat' variable.
⦿──⦿  SIMBA  ⦿──⦿  |       INFO | 2026-05-19 21:59:30 | --> Completed: Opened 'sidmassgrowthbot' variable.
⦿──⦿  SIMBA  ⦿──⦿  |       INFO | 2026-05-19 22:00:07 | --> Completed: Opened 'sidmasssi' variable.
⦿──⦿  SIMBA  ⦿──⦿  |       INFO | 2026-05-19 22:00:44 | --> Completed: Opened 'sidmassevapsubl' variable.
⦿──⦿  SIMBA  ⦿──⦿  |       INFO | 2026-05-19 22:01:21 | --> Completed: Opened 'sidmassmelttop' variable.
⦿──⦿  SIMBA  ⦿──⦿  |       INFO | 2026-05-19 22:02:00 | --> Completed: Opened 'sidmassmeltbot' variable.
⦿──⦿  SIMBA  ⦿──⦿  |       INFO | 2026-05-19 22:02:00 | --> Completed: Created sea ice mass budget dataset from variables.
⦿──⦿  SIMBA  ⦿──⦿  |       INFO | 2026-05-19 22:02:00 | ==== Sea Ice Mass Budget Calculation ====
⦿──⦿  SIMBA  ⦿──⦿  |       INFO | 2026-05-19 22:02:00 | In Progress: Calculating Regional Sea Ice Mass Budget...
⦿──⦿  SIMBA  ⦿──⦿  |       INFO | 2026-05-19 22:02:14 | Completed: Calculated Regional Sea Ice Mass Budget.
⦿──⦿  SIMBA  ⦿──⦿  |       INFO | 2026-05-19 22:02:14 | ==== Outputs ====
⦿──⦿  SIMBA  ⦿──⦿  |       INFO | 2026-05-19 22:02:14 | In Progress: Saving Sea Ice Mass Budget Analysis outputs to netCDF file...
⦿──⦿  SIMBA  ⦿──⦿  |       INFO | 2026-05-19 22:13:21 | Completed: Saved Sea Ice Mass Budget Analysis outputs to file -> /g100_work/optim_IAC/research/noc/otooth/OptimESM/WP5/SeaIceMassBudgetMIP/contributions/EC-Earth3-ESM1/outputs//EC-Earth3-ESM-1_SIMBA_NH_esm-up2p0-gwl2p0_r1i1p1f1_1951-01-2450-12.nc
⦿──⦿  SIMBA  ⦿──⦿  |       INFO | 2026-05-19 22:13:21 | Completed: Succesfully closed all netcdf files.
⦿──⦿  SIMBA  ⦿──⦿  |       INFO | 2026-05-19 22:13:21 | ✔ SIMBA Completed ✔
⦿──⦿  SIMBA  ⦿──⦿  |       INFO | 2026-05-19 22:13:26 | 
   ⦿──⦿──⦿──⦿──⦿──⦿──⦿──⦿──⦿──⦿──⦿──⦿
       Sea Ice Mass Budget Analysis      
   ⦿──⦿──⦿──⦿──⦿──⦿──⦿──⦿──⦿──⦿──⦿──⦿

        version: 0.1.0


⦿──⦿  SIMBA  ⦿──⦿  |       INFO | 2026-05-19 22:13:26 | ==== Inputs ====
⦿──⦿  SIMBA  ⦿──⦿  |       INFO | 2026-05-19 22:13:26 | Completed: Read & validated config file -> ./configs/EC-Earth3-ESM1_esm-up2p0-gwl_config.toml
⦿──⦿  SIMBA  ⦿──⦿  |       INFO | 2026-05-19 22:13:26 | In Progress: Reading sea ice mass budget variables...
⦿──⦿  SIMBA  ⦿──⦿  |       INFO | 2026-05-19 22:13:26 | --> Completed: Opened 'mask' variable.
⦿──⦿  SIMBA  ⦿──⦿  |       INFO | 2026-05-19 22:13:26 | In Progress: Creating sea ice mass budget dataset from variables.
⦿──⦿  SIMBA  ⦿──⦿  |       INFO | 2026-05-19 22:13:26 | --> Completed: Opened 'areacello' variable.
⦿──⦿  SIMBA  ⦿──⦿  |       INFO | 2026-05-19 22:13:51 | --> Completed: Opened 'siconc' variable.
⦿──⦿  SIMBA  ⦿──⦿  |       INFO | 2026-05-19 22:14:13 | --> Completed: Opened 'sivol' variable.
⦿──⦿  SIMBA  ⦿──⦿  |       INFO | 2026-05-19 22:14:34 | --> Completed: Opened 'simass' variable.
⦿──⦿  SIMBA  ⦿──⦿  |       INFO | 2026-05-19 22:14:55 | --> Completed: Opened 'sidmassth' variable.
⦿──⦿  SIMBA  ⦿──⦿  |       INFO | 2026-05-19 22:15:16 | --> Completed: Opened 'sidmassdyn' variable.
⦿──⦿  SIMBA  ⦿──⦿  |       INFO | 2026-05-19 22:15:38 | --> Completed: Opened 'sidmassgrowthwat' variable.
⦿──⦿  SIMBA  ⦿──⦿  |       INFO | 2026-05-19 22:15:58 | --> Completed: Opened 'sidmassgrowthbot' variable.
⦿──⦿  SIMBA  ⦿──⦿  |       INFO | 2026-05-19 22:16:18 | --> Completed: Opened 'sidmasssi' variable.
⦿──⦿  SIMBA  ⦿──⦿  |       INFO | 2026-05-19 22:16:38 | --> Completed: Opened 'sidmassevapsubl' variable.
⦿──⦿  SIMBA  ⦿──⦿  |       INFO | 2026-05-19 22:16:58 | --> Completed: Opened 'sidmassmelttop' variable.
⦿──⦿  SIMBA  ⦿──⦿  |       INFO | 2026-05-19 22:17:19 | --> Completed: Opened 'sidmassmeltbot' variable.
⦿──⦿  SIMBA  ⦿──⦿  |       INFO | 2026-05-19 22:17:19 | --> Completed: Created sea ice mass budget dataset from variables.
⦿──⦿  SIMBA  ⦿──⦿  |       INFO | 2026-05-19 22:17:19 | ==== Sea Ice Mass Budget Calculation ====
⦿──⦿  SIMBA  ⦿──⦿  |       INFO | 2026-05-19 22:17:19 | In Progress: Calculating Regional Sea Ice Mass Budget...
⦿──⦿  SIMBA  ⦿──⦿  |       INFO | 2026-05-19 22:17:27 | Completed: Calculated Regional Sea Ice Mass Budget.
⦿──⦿  SIMBA  ⦿──⦿  |       INFO | 2026-05-19 22:17:27 | ==== Outputs ====
⦿──⦿  SIMBA  ⦿──⦿  |       INFO | 2026-05-19 22:17:27 | In Progress: Saving Sea Ice Mass Budget Analysis outputs to netCDF file...
⦿──⦿  SIMBA  ⦿──⦿  |       INFO | 2026-05-19 22:22:42 | Completed: Saved Sea Ice Mass Budget Analysis outputs to file -> /g100_work/optim_IAC/research/noc/otooth/OptimESM/WP5/SeaIceMassBudgetMIP/contributions/EC-Earth3-ESM1/outputs//EC-Earth3-ESM-1_SIMBA_NH_esm-up2p0-gwl3p0_r1i1p1f1_2001-01-2300-12.nc
⦿──⦿  SIMBA  ⦿──⦿  |       INFO | 2026-05-19 22:22:42 | Completed: Succesfully closed all netcdf files.
⦿──⦿  SIMBA  ⦿──⦿  |       INFO | 2026-05-19 22:22:42 | ✔ SIMBA Completed ✔
⦿──⦿  SIMBA  ⦿──⦿  |       INFO | 2026-05-19 22:22:45 | 
   ⦿──⦿──⦿──⦿──⦿──⦿──⦿──⦿──⦿──⦿──⦿──⦿
       Sea Ice Mass Budget Analysis      
   ⦿──⦿──⦿──⦿──⦿──⦿──⦿──⦿──⦿──⦿──⦿──⦿

        version: 0.1.0


⦿──⦿  SIMBA  ⦿──⦿  |       INFO | 2026-05-19 22:22:45 | ==== Inputs ====
⦿──⦿  SIMBA  ⦿──⦿  |       INFO | 2026-05-19 22:22:45 | Completed: Read & validated config file -> ./configs/EC-Earth3-ESM1_esm-up2p0-gwl_config.toml
⦿──⦿  SIMBA  ⦿──⦿  |       INFO | 2026-05-19 22:22:45 | In Progress: Reading sea ice mass budget variables...
⦿──⦿  SIMBA  ⦿──⦿  |       INFO | 2026-05-19 22:22:45 | --> Completed: Opened 'mask' variable.
⦿──⦿  SIMBA  ⦿──⦿  |       INFO | 2026-05-19 22:22:45 | In Progress: Creating sea ice mass budget dataset from variables.
⦿──⦿  SIMBA  ⦿──⦿  |       INFO | 2026-05-19 22:22:45 | --> Completed: Opened 'areacello' variable.
⦿──⦿  SIMBA  ⦿──⦿  |       INFO | 2026-05-19 22:23:29 | --> Completed: Opened 'siconc' variable.
⦿──⦿  SIMBA  ⦿──⦿  |       INFO | 2026-05-19 22:24:05 | --> Completed: Opened 'sivol' variable.
⦿──⦿  SIMBA  ⦿──⦿  |       INFO | 2026-05-19 22:24:41 | --> Completed: Opened 'simass' variable.
⦿──⦿  SIMBA  ⦿──⦿  |       INFO | 2026-05-19 22:25:18 | --> Completed: Opened 'sidmassth' variable.
⦿──⦿  SIMBA  ⦿──⦿  |       INFO | 2026-05-19 22:25:53 | --> Completed: Opened 'sidmassdyn' variable.
⦿──⦿  SIMBA  ⦿──⦿  |       INFO | 2026-05-19 22:26:28 | --> Completed: Opened 'sidmassgrowthwat' variable.
⦿──⦿  SIMBA  ⦿──⦿  |       INFO | 2026-05-19 22:27:04 | --> Completed: Opened 'sidmassgrowthbot' variable.
⦿──⦿  SIMBA  ⦿──⦿  |       INFO | 2026-05-19 22:27:40 | --> Completed: Opened 'sidmasssi' variable.
⦿──⦿  SIMBA  ⦿──⦿  |       INFO | 2026-05-19 22:28:16 | --> Completed: Opened 'sidmassevapsubl' variable.
⦿──⦿  SIMBA  ⦿──⦿  |       INFO | 2026-05-19 22:28:52 | --> Completed: Opened 'sidmassmelttop' variable.
⦿──⦿  SIMBA  ⦿──⦿  |       INFO | 2026-05-19 22:29:29 | --> Completed: Opened 'sidmassmeltbot' variable.
⦿──⦿  SIMBA  ⦿──⦿  |       INFO | 2026-05-19 22:29:29 | --> Completed: Created sea ice mass budget dataset from variables.
⦿──⦿  SIMBA  ⦿──⦿  |       INFO | 2026-05-19 22:29:29 | ==== Sea Ice Mass Budget Calculation ====
⦿──⦿  SIMBA  ⦿──⦿  |       INFO | 2026-05-19 22:29:29 | In Progress: Calculating Regional Sea Ice Mass Budget...
⦿──⦿  SIMBA  ⦿──⦿  |       INFO | 2026-05-19 22:29:42 | Completed: Calculated Regional Sea Ice Mass Budget.
⦿──⦿  SIMBA  ⦿──⦿  |       INFO | 2026-05-19 22:29:42 | ==== Outputs ====
⦿──⦿  SIMBA  ⦿──⦿  |       INFO | 2026-05-19 22:29:42 | In Progress: Saving Sea Ice Mass Budget Analysis outputs to netCDF file...
⦿──⦿  SIMBA  ⦿──⦿  |       INFO | 2026-05-19 22:40:58 | Completed: Saved Sea Ice Mass Budget Analysis outputs to file -> /g100_work/optim_IAC/research/noc/otooth/OptimESM/WP5/SeaIceMassBudgetMIP/contributions/EC-Earth3-ESM1/outputs//EC-Earth3-ESM-1_SIMBA_NH_esm-up2p0-gwl4p0_r1i1p1f1_2051-01-2550-12.nc
⦿──⦿  SIMBA  ⦿──⦿  |       INFO | 2026-05-19 22:40:58 | Completed: Succesfully closed all netcdf files.
⦿──⦿  SIMBA  ⦿──⦿  |       INFO | 2026-05-19 22:40:59 | ✔ SIMBA Completed ✔
⦿──⦿  SIMBA  ⦿──⦿  |       INFO | 2026-05-19 22:41:15 | 
   ⦿──⦿──⦿──⦿──⦿──⦿──⦿──⦿──⦿──⦿──⦿──⦿
       Sea Ice Mass Budget Analysis      
   ⦿──⦿──⦿──⦿──⦿──⦿──⦿──⦿──⦿──⦿──⦿──⦿

        version: 0.1.0


⦿──⦿  SIMBA  ⦿──⦿  |       INFO | 2026-05-19 22:41:15 | ==== Inputs ====
⦿──⦿  SIMBA  ⦿──⦿  |       INFO | 2026-05-19 22:41:15 | Completed: Read & validated config file -> ./configs/EC-Earth3-ESM1_esm-up2p0-gwl_config.toml
⦿──⦿  SIMBA  ⦿──⦿  |       INFO | 2026-05-19 22:41:15 | In Progress: Reading sea ice mass budget variables...
⦿──⦿  SIMBA  ⦿──⦿  |       INFO | 2026-05-19 22:41:16 | --> Completed: Opened 'mask' variable.
⦿──⦿  SIMBA  ⦿──⦿  |       INFO | 2026-05-19 22:41:16 | In Progress: Creating sea ice mass budget dataset from variables.
⦿──⦿  SIMBA  ⦿──⦿  |       INFO | 2026-05-19 22:41:16 | --> Completed: Opened 'areacello' variable.
⦿──⦿  SIMBA  ⦿──⦿  |       INFO | 2026-05-19 22:41:43 | --> Completed: Opened 'siconc' variable.
⦿──⦿  SIMBA  ⦿──⦿  |       INFO | 2026-05-19 22:42:02 | --> Completed: Opened 'sivol' variable.
⦿──⦿  SIMBA  ⦿──⦿  |       INFO | 2026-05-19 22:42:23 | --> Completed: Opened 'simass' variable.
⦿──⦿  SIMBA  ⦿──⦿  |       INFO | 2026-05-19 22:42:43 | --> Completed: Opened 'sidmassth' variable.
⦿──⦿  SIMBA  ⦿──⦿  |       INFO | 2026-05-19 22:43:03 | --> Completed: Opened 'sidmassdyn' variable.
⦿──⦿  SIMBA  ⦿──⦿  |       INFO | 2026-05-19 22:43:22 | --> Completed: Opened 'sidmassgrowthwat' variable.
⦿──⦿  SIMBA  ⦿──⦿  |       INFO | 2026-05-19 22:43:42 | --> Completed: Opened 'sidmassgrowthbot' variable.
⦿──⦿  SIMBA  ⦿──⦿  |       INFO | 2026-05-19 22:44:02 | --> Completed: Opened 'sidmasssi' variable.
⦿──⦿  SIMBA  ⦿──⦿  |       INFO | 2026-05-19 22:44:22 | --> Completed: Opened 'sidmassevapsubl' variable.
⦿──⦿  SIMBA  ⦿──⦿  |       INFO | 2026-05-19 22:44:43 | --> Completed: Opened 'sidmassmelttop' variable.
⦿──⦿  SIMBA  ⦿──⦿  |       INFO | 2026-05-19 22:45:03 | --> Completed: Opened 'sidmassmeltbot' variable.
⦿──⦿  SIMBA  ⦿──⦿  |       INFO | 2026-05-19 22:45:03 | --> Completed: Created sea ice mass budget dataset from variables.
⦿──⦿  SIMBA  ⦿──⦿  |       INFO | 2026-05-19 22:45:03 | ==== Sea Ice Mass Budget Calculation ====
⦿──⦿  SIMBA  ⦿──⦿  |       INFO | 2026-05-19 22:45:03 | In Progress: Calculating Regional Sea Ice Mass Budget...
⦿──⦿  SIMBA  ⦿──⦿  |       INFO | 2026-05-19 22:45:11 | Completed: Calculated Regional Sea Ice Mass Budget.
⦿──⦿  SIMBA  ⦿──⦿  |       INFO | 2026-05-19 22:45:11 | ==== Outputs ====
⦿──⦿  SIMBA  ⦿──⦿  |       INFO | 2026-05-19 22:45:11 | In Progress: Saving Sea Ice Mass Budget Analysis outputs to netCDF file...
⦿──⦿  SIMBA  ⦿──⦿  |       INFO | 2026-05-19 22:50:15 | Completed: Saved Sea Ice Mass Budget Analysis outputs to file -> /g100_work/optim_IAC/research/noc/otooth/OptimESM/WP5/SeaIceMassBudgetMIP/contributions/EC-Earth3-ESM1/outputs//EC-Earth3-ESM-1_SIMBA_NH_esm-up2p0-gwl5p0_r1i1p1f1_2101-01-2400-12.nc
⦿──⦿  SIMBA  ⦿──⦿  |       INFO | 2026-05-19 22:50:15 | Completed: Succesfully closed all netcdf files.
⦿──⦿  SIMBA  ⦿──⦿  |       INFO | 2026-05-19 22:50:15 | ✔ SIMBA Completed ✔
⦿──⦿  SIMBA  ⦿──⦿  |       INFO | 2026-05-19 22:50:20 | 
   ⦿──⦿──⦿──⦿──⦿──⦿──⦿──⦿──⦿──⦿──⦿──⦿
       Sea Ice Mass Budget Analysis      
   ⦿──⦿──⦿──⦿──⦿──⦿──⦿──⦿──⦿──⦿──⦿──⦿

        version: 0.1.0


⦿──⦿  SIMBA  ⦿──⦿  |       INFO | 2026-05-19 22:50:20 | ==== Inputs ====
⦿──⦿  SIMBA  ⦿──⦿  |       INFO | 2026-05-19 22:50:20 | Completed: Read & validated config file -> ./configs/EC-Earth3-ESM1_esm-up2p0-gwl_config.toml
⦿──⦿  SIMBA  ⦿──⦿  |       INFO | 2026-05-19 22:50:20 | In Progress: Reading sea ice mass budget variables...
⦿──⦿  SIMBA  ⦿──⦿  |       INFO | 2026-05-19 22:50:20 | --> Completed: Opened 'mask' variable.
⦿──⦿  SIMBA  ⦿──⦿  |       INFO | 2026-05-19 22:50:20 | In Progress: Creating sea ice mass budget dataset from variables.
⦿──⦿  SIMBA  ⦿──⦿  |       INFO | 2026-05-19 22:50:20 | --> Completed: Opened 'areacello' variable.
⦿──⦿  SIMBA  ⦿──⦿  |       INFO | 2026-05-19 22:50:45 | --> Completed: Opened 'siconc' variable.
⦿──⦿  SIMBA  ⦿──⦿  |       INFO | 2026-05-19 22:51:06 | --> Completed: Opened 'sivol' variable.
⦿──⦿  SIMBA  ⦿──⦿  |       INFO | 2026-05-19 22:51:27 | --> Completed: Opened 'simass' variable.
⦿──⦿  SIMBA  ⦿──⦿  |       INFO | 2026-05-19 22:51:47 | --> Completed: Opened 'sidmassth' variable.
⦿──⦿  SIMBA  ⦿──⦿  |       INFO | 2026-05-19 22:52:08 | --> Completed: Opened 'sidmassdyn' variable.
⦿──⦿  SIMBA  ⦿──⦿  |       INFO | 2026-05-19 22:52:28 | --> Completed: Opened 'sidmassgrowthwat' variable.
⦿──⦿  SIMBA  ⦿──⦿  |       INFO | 2026-05-19 22:52:48 | --> Completed: Opened 'sidmassgrowthbot' variable.
⦿──⦿  SIMBA  ⦿──⦿  |       INFO | 2026-05-19 22:53:08 | --> Completed: Opened 'sidmasssi' variable.
⦿──⦿  SIMBA  ⦿──⦿  |       INFO | 2026-05-19 22:53:27 | --> Completed: Opened 'sidmassevapsubl' variable.
⦿──⦿  SIMBA  ⦿──⦿  |       INFO | 2026-05-19 22:53:48 | --> Completed: Opened 'sidmassmelttop' variable.
⦿──⦿  SIMBA  ⦿──⦿  |       INFO | 2026-05-19 22:54:09 | --> Completed: Opened 'sidmassmeltbot' variable.
⦿──⦿  SIMBA  ⦿──⦿  |       INFO | 2026-05-19 22:54:09 | --> Completed: Created sea ice mass budget dataset from variables.
⦿──⦿  SIMBA  ⦿──⦿  |       INFO | 2026-05-19 22:54:09 | ==== Sea Ice Mass Budget Calculation ====
⦿──⦿  SIMBA  ⦿──⦿  |       INFO | 2026-05-19 22:54:09 | In Progress: Calculating Regional Sea Ice Mass Budget...
⦿──⦿  SIMBA  ⦿──⦿  |       INFO | 2026-05-19 22:54:17 | Completed: Calculated Regional Sea Ice Mass Budget.
⦿──⦿  SIMBA  ⦿──⦿  |       INFO | 2026-05-19 22:54:17 | ==== Outputs ====
⦿──⦿  SIMBA  ⦿──⦿  |       INFO | 2026-05-19 22:54:17 | In Progress: Saving Sea Ice Mass Budget Analysis outputs to netCDF file...
⦿──⦿  SIMBA  ⦿──⦿  |       INFO | 2026-05-19 22:59:28 | Completed: Saved Sea Ice Mass Budget Analysis outputs to file -> /g100_work/optim_IAC/research/noc/otooth/OptimESM/WP5/SeaIceMassBudgetMIP/contributions/EC-Earth3-ESM1/outputs//EC-Earth3-ESM-1_SIMBA_NH_esm-up2p0-gwl6p0_r1i1p1f1_2151-01-2450-12.nc
⦿──⦿  SIMBA  ⦿──⦿  |       INFO | 2026-05-19 22:59:28 | Completed: Succesfully closed all netcdf files.
⦿──⦿  SIMBA  ⦿──⦿  |       INFO | 2026-05-19 22:59:28 | ✔ SIMBA Completed ✔
⦿──⦿  SIMBA  ⦿──⦿  |       INFO | 2026-05-20 10:17:29 | 
   ⦿──⦿──⦿──⦿──⦿──⦿──⦿──⦿──⦿──⦿──⦿──⦿
       Sea Ice Mass Budget Analysis      
   ⦿──⦿──⦿──⦿──⦿──⦿──⦿──⦿──⦿──⦿──⦿──⦿

        version: 0.1.0


⦿──⦿  SIMBA  ⦿──⦿  |       INFO | 2026-05-20 10:17:29 | ==== Inputs ====
⦿──⦿  SIMBA  ⦿──⦿  |       INFO | 2026-05-20 10:17:29 | Completed: Read & validated config file -> ./configs/EC-Earth3-ESM1_esm-up2p0-gwl-dn_config.toml
⦿──⦿  SIMBA  ⦿──⦿  |       INFO | 2026-05-20 10:17:29 | In Progress: Reading sea ice mass budget variables...
⦿──⦿  SIMBA  ⦿──⦿  |       INFO | 2026-05-20 10:17:32 | --> Completed: Opened 'mask' variable.
⦿──⦿  SIMBA  ⦿──⦿  |       INFO | 2026-05-20 10:17:32 | In Progress: Creating sea ice mass budget dataset from variables.
⦿──⦿  SIMBA  ⦿──⦿  |       INFO | 2026-05-20 10:17:32 | --> Completed: Opened 'areacello' variable.
⦿──⦿  SIMBA  ⦿──⦿  |       INFO | 2026-05-20 10:18:01 | --> Completed: Opened 'siconc' variable.
⦿──⦿  SIMBA  ⦿──⦿  |       INFO | 2026-05-20 10:18:08 | --> Completed: Opened 'sivol' variable.
⦿──⦿  SIMBA  ⦿──⦿  |       INFO | 2026-05-20 10:18:16 | --> Completed: Opened 'simass' variable.
⦿──⦿  SIMBA  ⦿──⦿  |       INFO | 2026-05-20 10:18:24 | --> Completed: Opened 'sidmassth' variable.
⦿──⦿  SIMBA  ⦿──⦿  |       INFO | 2026-05-20 10:18:31 | --> Completed: Opened 'sidmassdyn' variable.
⦿──⦿  SIMBA  ⦿──⦿  |       INFO | 2026-05-20 10:18:38 | --> Completed: Opened 'sidmassgrowthwat' variable.
⦿──⦿  SIMBA  ⦿──⦿  |       INFO | 2026-05-20 10:18:45 | --> Completed: Opened 'sidmassgrowthbot' variable.
⦿──⦿  SIMBA  ⦿──⦿  |       INFO | 2026-05-20 10:18:50 | --> Completed: Opened 'sidmasssi' variable.
⦿──⦿  SIMBA  ⦿──⦿  |       INFO | 2026-05-20 10:18:56 | --> Completed: Opened 'sidmassevapsubl' variable.
⦿──⦿  SIMBA  ⦿──⦿  |       INFO | 2026-05-20 10:19:03 | --> Completed: Opened 'sidmassmelttop' variable.
⦿──⦿  SIMBA  ⦿──⦿  |       INFO | 2026-05-20 10:19:09 | --> Completed: Opened 'sidmassmeltbot' variable.
⦿──⦿  SIMBA  ⦿──⦿  |       INFO | 2026-05-20 10:19:09 | --> Completed: Created sea ice mass budget dataset from variables.
⦿──⦿  SIMBA  ⦿──⦿  |       INFO | 2026-05-20 10:19:09 | ==== Sea Ice Mass Budget Calculation ====
⦿──⦿  SIMBA  ⦿──⦿  |       INFO | 2026-05-20 10:19:09 | In Progress: Calculating Regional Sea Ice Mass Budget...
⦿──⦿  SIMBA  ⦿──⦿  |       INFO | 2026-05-20 10:19:12 | Completed: Calculated Regional Sea Ice Mass Budget.
⦿──⦿  SIMBA  ⦿──⦿  |       INFO | 2026-05-20 10:19:12 | ==== Outputs ====
⦿──⦿  SIMBA  ⦿──⦿  |       INFO | 2026-05-20 10:19:12 | In Progress: Saving Sea Ice Mass Budget Analysis outputs to netCDF file...
⦿──⦿  SIMBA  ⦿──⦿  |       INFO | 2026-05-20 10:20:06 | Completed: Saved Sea Ice Mass Budget Analysis outputs to file -> /g100_work/optim_IAC/research/noc/otooth/OptimESM/WP5/SeaIceMassBudgetMIP/contributions/EC-Earth3-ESM1/outputs//EC-Earth3-ESM-1_SIMBA_NH_esm-up2p0-gwl1p5-50y-dn2p0_r1i1p1f1_1976-01-2075-12.nc
⦿──⦿  SIMBA  ⦿──⦿  |       INFO | 2026-05-20 10:20:06 | Completed: Succesfully closed all netcdf files.
⦿──⦿  SIMBA  ⦿──⦿  |       INFO | 2026-05-20 10:20:06 | ✔ SIMBA Completed ✔
⦿──⦿  SIMBA  ⦿──⦿  |       INFO | 2026-05-20 10:20:13 | 
   ⦿──⦿──⦿──⦿──⦿──⦿──⦿──⦿──⦿──⦿──⦿──⦿
       Sea Ice Mass Budget Analysis      
   ⦿──⦿──⦿──⦿──⦿──⦿──⦿──⦿──⦿──⦿──⦿──⦿

        version: 0.1.0


⦿──⦿  SIMBA  ⦿──⦿  |       INFO | 2026-05-20 10:20:13 | ==== Inputs ====
⦿──⦿  SIMBA  ⦿──⦿  |       INFO | 2026-05-20 10:20:13 | Completed: Read & validated config file -> ./configs/EC-Earth3-ESM1_esm-up2p0-gwl-dn_config.toml
⦿──⦿  SIMBA  ⦿──⦿  |       INFO | 2026-05-20 10:20:13 | In Progress: Reading sea ice mass budget variables...
⦿──⦿  SIMBA  ⦿──⦿  |       INFO | 2026-05-20 10:20:13 | --> Completed: Opened 'mask' variable.
⦿──⦿  SIMBA  ⦿──⦿  |       INFO | 2026-05-20 10:20:13 | In Progress: Creating sea ice mass budget dataset from variables.
⦿──⦿  SIMBA  ⦿──⦿  |       INFO | 2026-05-20 10:20:13 | --> Completed: Opened 'areacello' variable.
⦿──⦿  SIMBA  ⦿──⦿  |       INFO | 2026-05-20 10:20:22 | --> Completed: Opened 'siconc' variable.
⦿──⦿  SIMBA  ⦿──⦿  |       INFO | 2026-05-20 10:20:30 | --> Completed: Opened 'sivol' variable.
⦿──⦿  SIMBA  ⦿──⦿  |       INFO | 2026-05-20 10:20:38 | --> Completed: Opened 'simass' variable.
⦿──⦿  SIMBA  ⦿──⦿  |       INFO | 2026-05-20 10:20:46 | --> Completed: Opened 'sidmassth' variable.
⦿──⦿  SIMBA  ⦿──⦿  |       INFO | 2026-05-20 10:20:55 | --> Completed: Opened 'sidmassdyn' variable.
⦿──⦿  SIMBA  ⦿──⦿  |       INFO | 2026-05-20 10:21:04 | --> Completed: Opened 'sidmassgrowthwat' variable.
⦿──⦿  SIMBA  ⦿──⦿  |       INFO | 2026-05-20 10:21:11 | --> Completed: Opened 'sidmassgrowthbot' variable.
⦿──⦿  SIMBA  ⦿──⦿  |       INFO | 2026-05-20 10:21:18 | --> Completed: Opened 'sidmasssi' variable.
⦿──⦿  SIMBA  ⦿──⦿  |       INFO | 2026-05-20 10:21:24 | --> Completed: Opened 'sidmassevapsubl' variable.
⦿──⦿  SIMBA  ⦿──⦿  |       INFO | 2026-05-20 10:21:31 | --> Completed: Opened 'sidmassmelttop' variable.
⦿──⦿  SIMBA  ⦿──⦿  |       INFO | 2026-05-20 10:21:37 | --> Completed: Opened 'sidmassmeltbot' variable.
⦿──⦿  SIMBA  ⦿──⦿  |       INFO | 2026-05-20 10:21:37 | --> Completed: Created sea ice mass budget dataset from variables.
⦿──⦿  SIMBA  ⦿──⦿  |       INFO | 2026-05-20 10:21:37 | ==== Sea Ice Mass Budget Calculation ====
⦿──⦿  SIMBA  ⦿──⦿  |       INFO | 2026-05-20 10:21:37 | In Progress: Calculating Regional Sea Ice Mass Budget...
⦿──⦿  SIMBA  ⦿──⦿  |       INFO | 2026-05-20 10:21:40 | Completed: Calculated Regional Sea Ice Mass Budget.
⦿──⦿  SIMBA  ⦿──⦿  |       INFO | 2026-05-20 10:21:40 | ==== Outputs ====
⦿──⦿  SIMBA  ⦿──⦿  |       INFO | 2026-05-20 10:21:40 | In Progress: Saving Sea Ice Mass Budget Analysis outputs to netCDF file...
⦿──⦿  SIMBA  ⦿──⦿  |       INFO | 2026-05-20 10:22:39 | Completed: Saved Sea Ice Mass Budget Analysis outputs to file -> /g100_work/optim_IAC/research/noc/otooth/OptimESM/WP5/SeaIceMassBudgetMIP/contributions/EC-Earth3-ESM1/outputs//EC-Earth3-ESM-1_SIMBA_NH_esm-up2p0-gwl2p0-200y-dn2p0_r1i1p1f1_2151-01-2258-12.nc
⦿──⦿  SIMBA  ⦿──⦿  |       INFO | 2026-05-20 10:22:39 | Completed: Succesfully closed all netcdf files.
⦿──⦿  SIMBA  ⦿──⦿  |       INFO | 2026-05-20 10:22:39 | ✔ SIMBA Completed ✔
⦿──⦿  SIMBA  ⦿──⦿  |       INFO | 2026-05-20 10:22:42 | 
   ⦿──⦿──⦿──⦿──⦿──⦿──⦿──⦿──⦿──⦿──⦿──⦿
       Sea Ice Mass Budget Analysis      
   ⦿──⦿──⦿──⦿──⦿──⦿──⦿──⦿──⦿──⦿──⦿──⦿

        version: 0.1.0


⦿──⦿  SIMBA  ⦿──⦿  |       INFO | 2026-05-20 10:22:42 | ==== Inputs ====
⦿──⦿  SIMBA  ⦿──⦿  |       INFO | 2026-05-20 10:22:42 | Completed: Read & validated config file -> ./configs/EC-Earth3-ESM1_esm-up2p0-gwl-dn_config.toml
⦿──⦿  SIMBA  ⦿──⦿  |       INFO | 2026-05-20 10:22:42 | In Progress: Reading sea ice mass budget variables...
⦿──⦿  SIMBA  ⦿──⦿  |       INFO | 2026-05-20 10:22:42 | --> Completed: Opened 'mask' variable.
⦿──⦿  SIMBA  ⦿──⦿  |       INFO | 2026-05-20 10:22:42 | In Progress: Creating sea ice mass budget dataset from variables.
⦿──⦿  SIMBA  ⦿──⦿  |       INFO | 2026-05-20 10:22:42 | --> Completed: Opened 'areacello' variable.
⦿──⦿  SIMBA  ⦿──⦿  |       INFO | 2026-05-20 10:23:00 | --> Completed: Opened 'siconc' variable.
⦿──⦿  SIMBA  ⦿──⦿  |       INFO | 2026-05-20 10:23:16 | --> Completed: Opened 'sivol' variable.
⦿──⦿  SIMBA  ⦿──⦿  |       INFO | 2026-05-20 10:23:31 | --> Completed: Opened 'simass' variable.
⦿──⦿  SIMBA  ⦿──⦿  |       INFO | 2026-05-20 10:23:47 | --> Completed: Opened 'sidmassth' variable.
⦿──⦿  SIMBA  ⦿──⦿  |       INFO | 2026-05-20 10:24:03 | --> Completed: Opened 'sidmassdyn' variable.
⦿──⦿  SIMBA  ⦿──⦿  |       INFO | 2026-05-20 10:24:17 | --> Completed: Opened 'sidmassgrowthwat' variable.
⦿──⦿  SIMBA  ⦿──⦿  |       INFO | 2026-05-20 10:24:30 | --> Completed: Opened 'sidmassgrowthbot' variable.
⦿──⦿  SIMBA  ⦿──⦿  |       INFO | 2026-05-20 10:24:44 | --> Completed: Opened 'sidmasssi' variable.
⦿──⦿  SIMBA  ⦿──⦿  |       INFO | 2026-05-20 10:24:59 | --> Completed: Opened 'sidmassevapsubl' variable.
⦿──⦿  SIMBA  ⦿──⦿  |       INFO | 2026-05-20 10:25:13 | --> Completed: Opened 'sidmassmelttop' variable.
⦿──⦿  SIMBA  ⦿──⦿  |       INFO | 2026-05-20 10:25:26 | --> Completed: Opened 'sidmassmeltbot' variable.
⦿──⦿  SIMBA  ⦿──⦿  |       INFO | 2026-05-20 10:25:26 | --> Completed: Created sea ice mass budget dataset from variables.
⦿──⦿  SIMBA  ⦿──⦿  |       INFO | 2026-05-20 10:25:26 | ==== Sea Ice Mass Budget Calculation ====
⦿──⦿  SIMBA  ⦿──⦿  |       INFO | 2026-05-20 10:25:26 | In Progress: Calculating Regional Sea Ice Mass Budget...
⦿──⦿  SIMBA  ⦿──⦿  |       INFO | 2026-05-20 10:25:31 | Completed: Calculated Regional Sea Ice Mass Budget.
⦿──⦿  SIMBA  ⦿──⦿  |       INFO | 2026-05-20 10:25:31 | ==== Outputs ====
⦿──⦿  SIMBA  ⦿──⦿  |       INFO | 2026-05-20 10:25:31 | In Progress: Saving Sea Ice Mass Budget Analysis outputs to netCDF file...
⦿──⦿  SIMBA  ⦿──⦿  |       INFO | 2026-05-20 10:28:36 | Completed: Saved Sea Ice Mass Budget Analysis outputs to file -> /g100_work/optim_IAC/research/noc/otooth/OptimESM/WP5/SeaIceMassBudgetMIP/contributions/EC-Earth3-ESM1/outputs//EC-Earth3-ESM-1_SIMBA_NH_esm-up2p0-gwl2p0-50y-dn1p0_r1i1p1f1_2001-01-2180-12.nc
⦿──⦿  SIMBA  ⦿──⦿  |       INFO | 2026-05-20 10:28:36 | Completed: Succesfully closed all netcdf files.
⦿──⦿  SIMBA  ⦿──⦿  |       INFO | 2026-05-20 10:28:36 | ✔ SIMBA Completed ✔
⦿──⦿  SIMBA  ⦿──⦿  |       INFO | 2026-05-20 10:28:39 | 
   ⦿──⦿──⦿──⦿──⦿──⦿──⦿──⦿──⦿──⦿──⦿──⦿
       Sea Ice Mass Budget Analysis      
   ⦿──⦿──⦿──⦿──⦿──⦿──⦿──⦿──⦿──⦿──⦿──⦿

        version: 0.1.0


⦿──⦿  SIMBA  ⦿──⦿  |       INFO | 2026-05-20 10:28:39 | ==== Inputs ====
⦿──⦿  SIMBA  ⦿──⦿  |       INFO | 2026-05-20 10:28:39 | Completed: Read & validated config file -> ./configs/EC-Earth3-ESM1_esm-up2p0-gwl-dn_config.toml
⦿──⦿  SIMBA  ⦿──⦿  |       INFO | 2026-05-20 10:28:39 | In Progress: Reading sea ice mass budget variables...
⦿──⦿  SIMBA  ⦿──⦿  |       INFO | 2026-05-20 10:28:40 | --> Completed: Opened 'mask' variable.
⦿──⦿  SIMBA  ⦿──⦿  |       INFO | 2026-05-20 10:28:40 | In Progress: Creating sea ice mass budget dataset from variables.
⦿──⦿  SIMBA  ⦿──⦿  |       INFO | 2026-05-20 10:28:40 | --> Completed: Opened 'areacello' variable.
⦿──⦿  SIMBA  ⦿──⦿  |       INFO | 2026-05-20 10:28:49 | --> Completed: Opened 'siconc' variable.
⦿──⦿  SIMBA  ⦿──⦿  |       INFO | 2026-05-20 10:28:58 | --> Completed: Opened 'sivol' variable.
⦿──⦿  SIMBA  ⦿──⦿  |       INFO | 2026-05-20 10:29:06 | --> Completed: Opened 'simass' variable.
⦿──⦿  SIMBA  ⦿──⦿  |       INFO | 2026-05-20 10:29:13 | --> Completed: Opened 'sidmassth' variable.
⦿──⦿  SIMBA  ⦿──⦿  |       INFO | 2026-05-20 10:29:19 | --> Completed: Opened 'sidmassdyn' variable.
⦿──⦿  SIMBA  ⦿──⦿  |       INFO | 2026-05-20 10:29:26 | --> Completed: Opened 'sidmassgrowthwat' variable.
⦿──⦿  SIMBA  ⦿──⦿  |       INFO | 2026-05-20 10:29:33 | --> Completed: Opened 'sidmassgrowthbot' variable.
⦿──⦿  SIMBA  ⦿──⦿  |       INFO | 2026-05-20 10:29:40 | --> Completed: Opened 'sidmasssi' variable.
⦿──⦿  SIMBA  ⦿──⦿  |       INFO | 2026-05-20 10:29:48 | --> Completed: Opened 'sidmassevapsubl' variable.
⦿──⦿  SIMBA  ⦿──⦿  |       INFO | 2026-05-20 10:29:56 | --> Completed: Opened 'sidmassmelttop' variable.
⦿──⦿  SIMBA  ⦿──⦿  |       INFO | 2026-05-20 10:30:03 | --> Completed: Opened 'sidmassmeltbot' variable.
⦿──⦿  SIMBA  ⦿──⦿  |       INFO | 2026-05-20 10:30:03 | --> Completed: Created sea ice mass budget dataset from variables.
⦿──⦿  SIMBA  ⦿──⦿  |       INFO | 2026-05-20 10:30:03 | ==== Sea Ice Mass Budget Calculation ====
⦿──⦿  SIMBA  ⦿──⦿  |       INFO | 2026-05-20 10:30:03 | In Progress: Calculating Regional Sea Ice Mass Budget...
⦿──⦿  SIMBA  ⦿──⦿  |       INFO | 2026-05-20 10:30:06 | Completed: Calculated Regional Sea Ice Mass Budget.
⦿──⦿  SIMBA  ⦿──⦿  |       INFO | 2026-05-20 10:30:06 | ==== Outputs ====
⦿──⦿  SIMBA  ⦿──⦿  |       INFO | 2026-05-20 10:30:06 | In Progress: Saving Sea Ice Mass Budget Analysis outputs to netCDF file...
⦿──⦿  SIMBA  ⦿──⦿  |       INFO | 2026-05-20 10:31:11 | Completed: Saved Sea Ice Mass Budget Analysis outputs to file -> /g100_work/optim_IAC/research/noc/otooth/OptimESM/WP5/SeaIceMassBudgetMIP/contributions/EC-Earth3-ESM1/outputs//EC-Earth3-ESM-1_SIMBA_NH_esm-up2p0-gwl2p0-50y-dn2p0_r1i1p1f1_2001-01-2120-12.nc
⦿──⦿  SIMBA  ⦿──⦿  |       INFO | 2026-05-20 10:31:11 | Completed: Succesfully closed all netcdf files.
⦿──⦿  SIMBA  ⦿──⦿  |       INFO | 2026-05-20 10:31:11 | ✔ SIMBA Completed ✔
⦿──⦿  SIMBA  ⦿──⦿  |       INFO | 2026-05-20 10:31:14 | 
   ⦿──⦿──⦿──⦿──⦿──⦿──⦿──⦿──⦿──⦿──⦿──⦿
       Sea Ice Mass Budget Analysis      
   ⦿──⦿──⦿──⦿──⦿──⦿──⦿──⦿──⦿──⦿──⦿──⦿

        version: 0.1.0


⦿──⦿  SIMBA  ⦿──⦿  |       INFO | 2026-05-20 10:31:14 | ==== Inputs ====
⦿──⦿  SIMBA  ⦿──⦿  |       INFO | 2026-05-20 10:31:14 | Completed: Read & validated config file -> ./configs/EC-Earth3-ESM1_esm-up2p0-gwl-dn_config.toml
⦿──⦿  SIMBA  ⦿──⦿  |       INFO | 2026-05-20 10:31:14 | In Progress: Reading sea ice mass budget variables...
⦿──⦿  SIMBA  ⦿──⦿  |       INFO | 2026-05-20 10:31:14 | --> Completed: Opened 'mask' variable.
⦿──⦿  SIMBA  ⦿──⦿  |       INFO | 2026-05-20 10:31:14 | In Progress: Creating sea ice mass budget dataset from variables.
⦿──⦿  SIMBA  ⦿──⦿  |       INFO | 2026-05-20 10:31:14 | --> Completed: Opened 'areacello' variable.
⦿──⦿  SIMBA  ⦿──⦿  |       INFO | 2026-05-20 10:31:31 | --> Completed: Opened 'siconc' variable.
⦿──⦿  SIMBA  ⦿──⦿  |       INFO | 2026-05-20 10:31:45 | --> Completed: Opened 'sivol' variable.
⦿──⦿  SIMBA  ⦿──⦿  |       INFO | 2026-05-20 10:31:58 | --> Completed: Opened 'simass' variable.
⦿──⦿  SIMBA  ⦿──⦿  |       INFO | 2026-05-20 10:32:11 | --> Completed: Opened 'sidmassth' variable.
⦿──⦿  SIMBA  ⦿──⦿  |       INFO | 2026-05-20 10:32:24 | --> Completed: Opened 'sidmassdyn' variable.
⦿──⦿  SIMBA  ⦿──⦿  |       INFO | 2026-05-20 10:32:36 | --> Completed: Opened 'sidmassgrowthwat' variable.
⦿──⦿  SIMBA  ⦿──⦿  |       INFO | 2026-05-20 10:32:48 | --> Completed: Opened 'sidmassgrowthbot' variable.
⦿──⦿  SIMBA  ⦿──⦿  |       INFO | 2026-05-20 10:32:59 | --> Completed: Opened 'sidmasssi' variable.
⦿──⦿  SIMBA  ⦿──⦿  |       INFO | 2026-05-20 10:33:11 | --> Completed: Opened 'sidmassevapsubl' variable.
⦿──⦿  SIMBA  ⦿──⦿  |       INFO | 2026-05-20 10:33:22 | --> Completed: Opened 'sidmassmelttop' variable.
⦿──⦿  SIMBA  ⦿──⦿  |       INFO | 2026-05-20 10:33:34 | --> Completed: Opened 'sidmassmeltbot' variable.
⦿──⦿  SIMBA  ⦿──⦿  |       INFO | 2026-05-20 10:33:34 | --> Completed: Created sea ice mass budget dataset from variables.
⦿──⦿  SIMBA  ⦿──⦿  |       INFO | 2026-05-20 10:33:34 | ==== Sea Ice Mass Budget Calculation ====
⦿──⦿  SIMBA  ⦿──⦿  |       INFO | 2026-05-20 10:33:34 | In Progress: Calculating Regional Sea Ice Mass Budget...
⦿──⦿  SIMBA  ⦿──⦿  |       INFO | 2026-05-20 10:33:38 | Completed: Calculated Regional Sea Ice Mass Budget.
⦿──⦿  SIMBA  ⦿──⦿  |       INFO | 2026-05-20 10:33:38 | ==== Outputs ====
⦿──⦿  SIMBA  ⦿──⦿  |       INFO | 2026-05-20 10:33:38 | In Progress: Saving Sea Ice Mass Budget Analysis outputs to netCDF file...
⦿──⦿  SIMBA  ⦿──⦿  |       INFO | 2026-05-20 10:36:30 | Completed: Saved Sea Ice Mass Budget Analysis outputs to file -> /g100_work/optim_IAC/research/noc/otooth/OptimESM/WP5/SeaIceMassBudgetMIP/contributions/EC-Earth3-ESM1/outputs//EC-Earth3-ESM-1_SIMBA_NH_esm-up2p0-gwl3p0-50y-dn2p0_r1i1p1f1_2051-01-2220-12.nc
⦿──⦿  SIMBA  ⦿──⦿  |       INFO | 2026-05-20 10:36:30 | Completed: Succesfully closed all netcdf files.
⦿──⦿  SIMBA  ⦿──⦿  |       INFO | 2026-05-20 10:36:30 | ✔ SIMBA Completed ✔
⦿──⦿  SIMBA  ⦿──⦿  |       INFO | 2026-05-20 10:36:33 | 
   ⦿──⦿──⦿──⦿──⦿──⦿──⦿──⦿──⦿──⦿──⦿──⦿
       Sea Ice Mass Budget Analysis      
   ⦿──⦿──⦿──⦿──⦿──⦿──⦿──⦿──⦿──⦿──⦿──⦿

        version: 0.1.0


⦿──⦿  SIMBA  ⦿──⦿  |       INFO | 2026-05-20 10:36:33 | ==== Inputs ====
⦿──⦿  SIMBA  ⦿──⦿  |       INFO | 2026-05-20 10:36:33 | Completed: Read & validated config file -> ./configs/EC-Earth3-ESM1_esm-up2p0-gwl-dn_config.toml
⦿──⦿  SIMBA  ⦿──⦿  |       INFO | 2026-05-20 10:36:33 | In Progress: Reading sea ice mass budget variables...
⦿──⦿  SIMBA  ⦿──⦿  |       INFO | 2026-05-20 10:36:33 | --> Completed: Opened 'mask' variable.
⦿──⦿  SIMBA  ⦿──⦿  |       INFO | 2026-05-20 10:36:33 | In Progress: Creating sea ice mass budget dataset from variables.
⦿──⦿  SIMBA  ⦿──⦿  |       INFO | 2026-05-20 10:36:33 | --> Completed: Opened 'areacello' variable.
⦿──⦿  SIMBA  ⦿──⦿  |       INFO | 2026-05-20 10:36:54 | --> Completed: Opened 'siconc' variable.
⦿──⦿  SIMBA  ⦿──⦿  |       INFO | 2026-05-20 10:37:11 | --> Completed: Opened 'sivol' variable.
⦿──⦿  SIMBA  ⦿──⦿  |       INFO | 2026-05-20 10:37:29 | --> Completed: Opened 'simass' variable.
⦿──⦿  SIMBA  ⦿──⦿  |       INFO | 2026-05-20 10:37:47 | --> Completed: Opened 'sidmassth' variable.
⦿──⦿  SIMBA  ⦿──⦿  |       INFO | 2026-05-20 10:38:03 | --> Completed: Opened 'sidmassdyn' variable.
⦿──⦿  SIMBA  ⦿──⦿  |       INFO | 2026-05-20 10:38:19 | --> Completed: Opened 'sidmassgrowthwat' variable.
⦿──⦿  SIMBA  ⦿──⦿  |       INFO | 2026-05-20 10:38:34 | --> Completed: Opened 'sidmassgrowthbot' variable.
⦿──⦿  SIMBA  ⦿──⦿  |       INFO | 2026-05-20 10:38:50 | --> Completed: Opened 'sidmasssi' variable.
⦿──⦿  SIMBA  ⦿──⦿  |       INFO | 2026-05-20 10:39:05 | --> Completed: Opened 'sidmassevapsubl' variable.
⦿──⦿  SIMBA  ⦿──⦿  |       INFO | 2026-05-20 10:39:20 | --> Completed: Opened 'sidmassmelttop' variable.
⦿──⦿  SIMBA  ⦿──⦿  |       INFO | 2026-05-20 10:39:36 | --> Completed: Opened 'sidmassmeltbot' variable.
⦿──⦿  SIMBA  ⦿──⦿  |       INFO | 2026-05-20 10:39:36 | --> Completed: Created sea ice mass budget dataset from variables.
⦿──⦿  SIMBA  ⦿──⦿  |       INFO | 2026-05-20 10:39:36 | ==== Sea Ice Mass Budget Calculation ====
⦿──⦿  SIMBA  ⦿──⦿  |       INFO | 2026-05-20 10:39:36 | In Progress: Calculating Regional Sea Ice Mass Budget...
⦿──⦿  SIMBA  ⦿──⦿  |       INFO | 2026-05-20 10:39:42 | Completed: Calculated Regional Sea Ice Mass Budget.
⦿──⦿  SIMBA  ⦿──⦿  |       INFO | 2026-05-20 10:39:42 | ==== Outputs ====
⦿──⦿  SIMBA  ⦿──⦿  |       INFO | 2026-05-20 10:39:42 | In Progress: Saving Sea Ice Mass Budget Analysis outputs to netCDF file...
⦿──⦿  SIMBA  ⦿──⦿  |       INFO | 2026-05-20 10:43:25 | Completed: Saved Sea Ice Mass Budget Analysis outputs to file -> /g100_work/optim_IAC/research/noc/otooth/OptimESM/WP5/SeaIceMassBudgetMIP/contributions/EC-Earth3-ESM1/outputs//EC-Earth3-ESM-1_SIMBA_NH_esm-up2p0-gwl4p0-200y-dn2p0_r1i1p1f1_2251-01-2464-12.nc
⦿──⦿  SIMBA  ⦿──⦿  |       INFO | 2026-05-20 10:43:25 | Completed: Succesfully closed all netcdf files.
⦿──⦿  SIMBA  ⦿──⦿  |       INFO | 2026-05-20 10:43:26 | ✔ SIMBA Completed ✔
⦿──⦿  SIMBA  ⦿──⦿  |       INFO | 2026-05-20 10:43:32 | 
   ⦿──⦿──⦿──⦿──⦿──⦿──⦿──⦿──⦿──⦿──⦿──⦿
       Sea Ice Mass Budget Analysis      
   ⦿──⦿──⦿──⦿──⦿──⦿──⦿──⦿──⦿──⦿──⦿──⦿

        version: 0.1.0


⦿──⦿  SIMBA  ⦿──⦿  |       INFO | 2026-05-20 10:43:32 | ==== Inputs ====
⦿──⦿  SIMBA  ⦿──⦿  |       INFO | 2026-05-20 10:43:32 | Completed: Read & validated config file -> ./configs/EC-Earth3-ESM1_esm-up2p0-gwl-dn_config.toml
⦿──⦿  SIMBA  ⦿──⦿  |       INFO | 2026-05-20 10:43:32 | In Progress: Reading sea ice mass budget variables...
⦿──⦿  SIMBA  ⦿──⦿  |       INFO | 2026-05-20 10:43:32 | --> Completed: Opened 'mask' variable.
⦿──⦿  SIMBA  ⦿──⦿  |       INFO | 2026-05-20 10:43:32 | In Progress: Creating sea ice mass budget dataset from variables.
⦿──⦿  SIMBA  ⦿──⦿  |       INFO | 2026-05-20 10:43:32 | --> Completed: Opened 'areacello' variable.
⦿──⦿  SIMBA  ⦿──⦿  |       INFO | 2026-05-20 10:44:08 | --> Completed: Opened 'siconc' variable.
⦿──⦿  SIMBA  ⦿──⦿  |       INFO | 2026-05-20 10:44:40 | --> Completed: Opened 'sivol' variable.
⦿──⦿  SIMBA  ⦿──⦿  |       INFO | 2026-05-20 10:45:12 | --> Completed: Opened 'simass' variable.
⦿──⦿  SIMBA  ⦿──⦿  |       INFO | 2026-05-20 10:45:42 | --> Completed: Opened 'sidmassth' variable.
⦿──⦿  SIMBA  ⦿──⦿  |       INFO | 2026-05-20 10:46:13 | --> Completed: Opened 'sidmassdyn' variable.
⦿──⦿  SIMBA  ⦿──⦿  |       INFO | 2026-05-20 10:46:42 | --> Completed: Opened 'sidmassgrowthwat' variable.
⦿──⦿  SIMBA  ⦿──⦿  |       INFO | 2026-05-20 10:47:11 | --> Completed: Opened 'sidmassgrowthbot' variable.
⦿──⦿  SIMBA  ⦿──⦿  |       INFO | 2026-05-20 10:47:40 | --> Completed: Opened 'sidmasssi' variable.
⦿──⦿  SIMBA  ⦿──⦿  |       INFO | 2026-05-20 10:48:11 | --> Completed: Opened 'sidmassevapsubl' variable.
⦿──⦿  SIMBA  ⦿──⦿  |       INFO | 2026-05-20 10:48:39 | --> Completed: Opened 'sidmassmelttop' variable.
⦿──⦿  SIMBA  ⦿──⦿  |       INFO | 2026-05-20 10:49:07 | --> Completed: Opened 'sidmassmeltbot' variable.
⦿──⦿  SIMBA  ⦿──⦿  |       INFO | 2026-05-20 10:49:07 | --> Completed: Created sea ice mass budget dataset from variables.
⦿──⦿  SIMBA  ⦿──⦿  |       INFO | 2026-05-20 10:49:07 | ==== Sea Ice Mass Budget Calculation ====
⦿──⦿  SIMBA  ⦿──⦿  |       INFO | 2026-05-20 10:49:07 | In Progress: Calculating Regional Sea Ice Mass Budget...
⦿──⦿  SIMBA  ⦿──⦿  |       INFO | 2026-05-20 10:49:18 | Completed: Calculated Regional Sea Ice Mass Budget.
⦿──⦿  SIMBA  ⦿──⦿  |       INFO | 2026-05-20 10:49:18 | ==== Outputs ====
⦿──⦿  SIMBA  ⦿──⦿  |       INFO | 2026-05-20 10:49:18 | In Progress: Saving Sea Ice Mass Budget Analysis outputs to netCDF file...
⦿──⦿  SIMBA  ⦿──⦿  |       INFO | 2026-05-20 10:57:29 | Completed: Saved Sea Ice Mass Budget Analysis outputs to file -> /g100_work/optim_IAC/research/noc/otooth/OptimESM/WP5/SeaIceMassBudgetMIP/contributions/EC-Earth3-ESM1/outputs//EC-Earth3-ESM-1_SIMBA_NH_esm-up2p0-gwl4p0-50y-dn1p0_r1i1p1f1_2101-01-2486-12.nc
⦿──⦿  SIMBA  ⦿──⦿  |       INFO | 2026-05-20 10:57:29 | Completed: Succesfully closed all netcdf files.
⦿──⦿  SIMBA  ⦿──⦿  |       INFO | 2026-05-20 10:57:29 | ✔ SIMBA Completed ✔
⦿──⦿  SIMBA  ⦿──⦿  |       INFO | 2026-05-20 10:57:32 | 
   ⦿──⦿──⦿──⦿──⦿──⦿──⦿──⦿──⦿──⦿──⦿──⦿
       Sea Ice Mass Budget Analysis      
   ⦿──⦿──⦿──⦿──⦿──⦿──⦿──⦿──⦿──⦿──⦿──⦿

        version: 0.1.0


⦿──⦿  SIMBA  ⦿──⦿  |       INFO | 2026-05-20 10:57:32 | ==== Inputs ====
⦿──⦿  SIMBA  ⦿──⦿  |       INFO | 2026-05-20 10:57:32 | Completed: Read & validated config file -> ./configs/EC-Earth3-ESM1_esm-up2p0-gwl-dn_config.toml
⦿──⦿  SIMBA  ⦿──⦿  |       INFO | 2026-05-20 10:57:32 | In Progress: Reading sea ice mass budget variables...
⦿──⦿  SIMBA  ⦿──⦿  |       INFO | 2026-05-20 10:57:32 | --> Completed: Opened 'mask' variable.
⦿──⦿  SIMBA  ⦿──⦿  |       INFO | 2026-05-20 10:57:32 | In Progress: Creating sea ice mass budget dataset from variables.
⦿──⦿  SIMBA  ⦿──⦿  |       INFO | 2026-05-20 10:57:32 | --> Completed: Opened 'areacello' variable.
⦿──⦿  SIMBA  ⦿──⦿  |       INFO | 2026-05-20 10:57:54 | --> Completed: Opened 'siconc' variable.
⦿──⦿  SIMBA  ⦿──⦿  |       INFO | 2026-05-20 10:58:12 | --> Completed: Opened 'sivol' variable.
⦿──⦿  SIMBA  ⦿──⦿  |       INFO | 2026-05-20 10:58:31 | --> Completed: Opened 'simass' variable.
⦿──⦿  SIMBA  ⦿──⦿  |       INFO | 2026-05-20 10:58:50 | --> Completed: Opened 'sidmassth' variable.
⦿──⦿  SIMBA  ⦿──⦿  |       INFO | 2026-05-20 10:59:08 | --> Completed: Opened 'sidmassdyn' variable.
⦿──⦿  SIMBA  ⦿──⦿  |       INFO | 2026-05-20 10:59:26 | --> Completed: Opened 'sidmassgrowthwat' variable.
⦿──⦿  SIMBA  ⦿──⦿  |       INFO | 2026-05-20 10:59:43 | --> Completed: Opened 'sidmassgrowthbot' variable.
⦿──⦿  SIMBA  ⦿──⦿  |       INFO | 2026-05-20 11:00:01 | --> Completed: Opened 'sidmasssi' variable.
⦿──⦿  SIMBA  ⦿──⦿  |       INFO | 2026-05-20 11:00:17 | --> Completed: Opened 'sidmassevapsubl' variable.
⦿──⦿  SIMBA  ⦿──⦿  |       INFO | 2026-05-20 11:00:33 | --> Completed: Opened 'sidmassmelttop' variable.
⦿──⦿  SIMBA  ⦿──⦿  |       INFO | 2026-05-20 11:00:50 | --> Completed: Opened 'sidmassmeltbot' variable.
⦿──⦿  SIMBA  ⦿──⦿  |       INFO | 2026-05-20 11:00:50 | --> Completed: Created sea ice mass budget dataset from variables.
⦿──⦿  SIMBA  ⦿──⦿  |       INFO | 2026-05-20 11:00:50 | ==== Sea Ice Mass Budget Calculation ====
⦿──⦿  SIMBA  ⦿──⦿  |       INFO | 2026-05-20 11:00:50 | In Progress: Calculating Regional Sea Ice Mass Budget...
⦿──⦿  SIMBA  ⦿──⦿  |       INFO | 2026-05-20 11:00:56 | Completed: Calculated Regional Sea Ice Mass Budget.
⦿──⦿  SIMBA  ⦿──⦿  |       INFO | 2026-05-20 11:00:56 | ==== Outputs ====
⦿──⦿  SIMBA  ⦿──⦿  |       INFO | 2026-05-20 11:00:56 | In Progress: Saving Sea Ice Mass Budget Analysis outputs to netCDF file...
⦿──⦿  SIMBA  ⦿──⦿  |       INFO | 2026-05-20 11:04:43 | Completed: Saved Sea Ice Mass Budget Analysis outputs to file -> /g100_work/optim_IAC/research/noc/otooth/OptimESM/WP5/SeaIceMassBudgetMIP/contributions/EC-Earth3-ESM1/outputs//EC-Earth3-ESM-1_SIMBA_NH_esm-up2p0-gwl4p0-50y-dn2p0_r1i1p1f1_2101-01-2320-12.nc
⦿──⦿  SIMBA  ⦿──⦿  |       INFO | 2026-05-20 11:04:43 | Completed: Succesfully closed all netcdf files.
⦿──⦿  SIMBA  ⦿──⦿  |       INFO | 2026-05-20 11:04:43 | ✔ SIMBA Completed ✔
⦿──⦿  SIMBA  ⦿──⦿  |       INFO | 2026-05-20 12:23:28 | 
   ⦿──⦿──⦿──⦿──⦿──⦿──⦿──⦿──⦿──⦿──⦿──⦿
       Sea Ice Mass Budget Analysis      
   ⦿──⦿──⦿──⦿──⦿──⦿──⦿──⦿──⦿──⦿──⦿──⦿

        version: 0.1.0


⦿──⦿  SIMBA  ⦿──⦿  |       INFO | 2026-05-20 12:23:28 | ==== Inputs ====
⦿──⦿  SIMBA  ⦿──⦿  |       INFO | 2026-05-20 12:23:28 | Completed: Read & validated config file -> ./configs/EC-Earth3-ESM1_esm-up2p0-gwl-dn-gwl_config.toml
⦿──⦿  SIMBA  ⦿──⦿  |       INFO | 2026-05-20 12:23:28 | In Progress: Reading sea ice mass budget variables...
⦿──⦿  SIMBA  ⦿──⦿  |       INFO | 2026-05-20 12:23:29 | --> Completed: Opened 'mask' variable.
⦿──⦿  SIMBA  ⦿──⦿  |       INFO | 2026-05-20 12:23:29 | In Progress: Creating sea ice mass budget dataset from variables.
⦿──⦿  SIMBA  ⦿──⦿  |       INFO | 2026-05-20 12:23:29 | --> Completed: Opened 'areacello' variable.
⦿──⦿  SIMBA  ⦿──⦿  |       INFO | 2026-05-20 12:24:08 | --> Completed: Opened 'siconc' variable.
⦿──⦿  SIMBA  ⦿──⦿  |       INFO | 2026-05-20 12:24:32 | --> Completed: Opened 'sivol' variable.
⦿──⦿  SIMBA  ⦿──⦿  |       INFO | 2026-05-20 12:24:54 | --> Completed: Opened 'simass' variable.
⦿──⦿  SIMBA  ⦿──⦿  |       INFO | 2026-05-20 12:25:16 | --> Completed: Opened 'sidmassth' variable.
⦿──⦿  SIMBA  ⦿──⦿  |       INFO | 2026-05-20 12:25:37 | --> Completed: Opened 'sidmassdyn' variable.
⦿──⦿  SIMBA  ⦿──⦿  |       INFO | 2026-05-20 12:25:58 | --> Completed: Opened 'sidmassgrowthwat' variable.
⦿──⦿  SIMBA  ⦿──⦿  |       INFO | 2026-05-20 12:26:18 | --> Completed: Opened 'sidmassgrowthbot' variable.
⦿──⦿  SIMBA  ⦿──⦿  |       INFO | 2026-05-20 12:26:39 | --> Completed: Opened 'sidmasssi' variable.
⦿──⦿  SIMBA  ⦿──⦿  |       INFO | 2026-05-20 12:27:00 | --> Completed: Opened 'sidmassevapsubl' variable.
⦿──⦿  SIMBA  ⦿──⦿  |       INFO | 2026-05-20 12:27:21 | --> Completed: Opened 'sidmassmelttop' variable.
⦿──⦿  SIMBA  ⦿──⦿  |       INFO | 2026-05-20 12:27:43 | --> Completed: Opened 'sidmassmeltbot' variable.
⦿──⦿  SIMBA  ⦿──⦿  |       INFO | 2026-05-20 12:27:43 | --> Completed: Created sea ice mass budget dataset from variables.
⦿──⦿  SIMBA  ⦿──⦿  |       INFO | 2026-05-20 12:27:43 | ==== Sea Ice Mass Budget Calculation ====
⦿──⦿  SIMBA  ⦿──⦿  |       INFO | 2026-05-20 12:27:43 | In Progress: Calculating Regional Sea Ice Mass Budget...
⦿──⦿  SIMBA  ⦿──⦿  |       INFO | 2026-05-20 12:27:51 | Completed: Calculated Regional Sea Ice Mass Budget.
⦿──⦿  SIMBA  ⦿──⦿  |       INFO | 2026-05-20 12:27:51 | ==== Outputs ====
⦿──⦿  SIMBA  ⦿──⦿  |       INFO | 2026-05-20 12:27:51 | In Progress: Saving Sea Ice Mass Budget Analysis outputs to netCDF file...
⦿──⦿  SIMBA  ⦿──⦿  |       INFO | 2026-05-20 12:33:13 | Completed: Saved Sea Ice Mass Budget Analysis outputs to file -> /g100_work/optim_IAC/research/noc/otooth/OptimESM/WP5/SeaIceMassBudgetMIP/contributions/EC-Earth3-ESM1/outputs//EC-Earth3-ESM-1_SIMBA_SH_esm-up2p0-gwl4p0-50y-dn2p0-gwl2p0_r4i1p1f1_2201-01-2500-12.nc
⦿──⦿  SIMBA  ⦿──⦿  |       INFO | 2026-05-20 12:33:13 | Completed: Succesfully closed all netcdf files.
⦿──⦿  SIMBA  ⦿──⦿  |       INFO | 2026-05-20 12:33:13 | ✔ SIMBA Completed ✔
⦿──⦿  SIMBA  ⦿──⦿  |       INFO | 2026-05-20 14:50:36 | 
   ⦿──⦿──⦿──⦿──⦿──⦿──⦿──⦿──⦿──⦿──⦿──⦿
       Sea Ice Mass Budget Analysis      
   ⦿──⦿──⦿──⦿──⦿──⦿──⦿──⦿──⦿──⦿──⦿──⦿

        version: 0.1.0


⦿──⦿  SIMBA  ⦿──⦿  |       INFO | 2026-05-20 14:50:36 | ==== Inputs ====
⦿──⦿  SIMBA  ⦿──⦿  |       INFO | 2026-05-20 14:50:36 | Completed: Read & validated config file -> ./configs/EC-Earth3-ESM1_esm-up2p0_config.toml
⦿──⦿  SIMBA  ⦿──⦿  |       INFO | 2026-05-20 14:50:36 | In Progress: Reading sea ice mass budget variables...
⦿──⦿  SIMBA  ⦿──⦿  |       INFO | 2026-05-20 14:50:38 | --> Completed: Opened 'mask' variable.
⦿──⦿  SIMBA  ⦿──⦿  |       INFO | 2026-05-20 14:50:38 | In Progress: Creating sea ice mass budget dataset from variables.
⦿──⦿  SIMBA  ⦿──⦿  |       INFO | 2026-05-20 14:50:38 | --> Completed: Opened 'areacello' variable.
⦿──⦿  SIMBA  ⦿──⦿  |       INFO | 2026-05-20 14:51:12 | --> Completed: Opened 'siconc' variable.
⦿──⦿  SIMBA  ⦿──⦿  |       INFO | 2026-05-20 14:51:39 | --> Completed: Opened 'sivol' variable.
⦿──⦿  SIMBA  ⦿──⦿  |       INFO | 2026-05-20 14:52:06 | --> Completed: Opened 'simass' variable.
⦿──⦿  SIMBA  ⦿──⦿  |       INFO | 2026-05-20 14:52:34 | --> Completed: Opened 'sidmassth' variable.
⦿──⦿  SIMBA  ⦿──⦿  |       INFO | 2026-05-20 14:53:01 | --> Completed: Opened 'sidmassdyn' variable.
⦿──⦿  SIMBA  ⦿──⦿  |       INFO | 2026-05-20 14:53:27 | --> Completed: Opened 'sidmassgrowthwat' variable.
⦿──⦿  SIMBA  ⦿──⦿  |       INFO | 2026-05-20 14:53:52 | --> Completed: Opened 'sidmassgrowthbot' variable.
⦿──⦿  SIMBA  ⦿──⦿  |       INFO | 2026-05-20 14:54:19 | --> Completed: Opened 'sidmasssi' variable.
⦿──⦿  SIMBA  ⦿──⦿  |       INFO | 2026-05-20 14:54:44 | --> Completed: Opened 'sidmassevapsubl' variable.
⦿──⦿  SIMBA  ⦿──⦿  |       INFO | 2026-05-20 14:55:10 | --> Completed: Opened 'sidmassmelttop' variable.
⦿──⦿  SIMBA  ⦿──⦿  |       INFO | 2026-05-20 14:55:35 | --> Completed: Opened 'sidmassmeltbot' variable.
⦿──⦿  SIMBA  ⦿──⦿  |       INFO | 2026-05-20 14:55:35 | --> Completed: Created sea ice mass budget dataset from variables.
⦿──⦿  SIMBA  ⦿──⦿  |       INFO | 2026-05-20 14:55:35 | ==== Sea Ice Mass Budget Calculation ====
⦿──⦿  SIMBA  ⦿──⦿  |       INFO | 2026-05-20 14:55:35 | In Progress: Calculating Regional Sea Ice Mass Budget...
⦿──⦿  SIMBA  ⦿──⦿  |       INFO | 2026-05-20 14:55:45 | Completed: Calculated Regional Sea Ice Mass Budget.
⦿──⦿  SIMBA  ⦿──⦿  |       INFO | 2026-05-20 14:55:45 | ==== Outputs ====
⦿──⦿  SIMBA  ⦿──⦿  |       INFO | 2026-05-20 14:55:45 | In Progress: Saving Sea Ice Mass Budget Analysis outputs to netCDF file...
⦿──⦿  SIMBA  ⦿──⦿  |       INFO | 2026-05-20 15:02:18 | Completed: Saved Sea Ice Mass Budget Analysis outputs to file -> /g100_work/optim_IAC/research/noc/otooth/OptimESM/WP5/SeaIceMassBudgetMIP/contributions/EC-Earth3-ESM1/outputs//EC-Earth3-ESM-1_SIMBA_NH_esm-up2p0_r1i1p1f1_1850-01-2199-12.nc
⦿──⦿  SIMBA  ⦿──⦿  |       INFO | 2026-05-20 15:02:18 | Completed: Succesfully closed all netcdf files.
⦿──⦿  SIMBA  ⦿──⦿  |       INFO | 2026-05-20 15:02:18 | ✔ SIMBA Completed ✔
⦿──⦿  SIMBA  ⦿──⦿  |       INFO | 2026-05-20 17:09:11 | 
   ⦿──⦿──⦿──⦿──⦿──⦿──⦿──⦿──⦿──⦿──⦿──⦿
       Sea Ice Mass Budget Analysis      
   ⦿──⦿──⦿──⦿──⦿──⦿──⦿──⦿──⦿──⦿──⦿──⦿

        version: 0.1.0


⦿──⦿  SIMBA  ⦿──⦿  |       INFO | 2026-05-20 17:09:11 | ==== Inputs ====
⦿──⦿  SIMBA  ⦿──⦿  |       INFO | 2026-05-20 17:09:11 | Completed: Read & validated config file -> ./configs/EC-Earth3-ESM1_esm-up2p0_config.toml
⦿──⦿  SIMBA  ⦿──⦿  |       INFO | 2026-05-20 17:09:11 | In Progress: Reading sea ice mass budget variables...
⦿──⦿  SIMBA  ⦿──⦿  |       INFO | 2026-05-20 17:09:11 | --> Completed: Opened 'mask' variable.
⦿──⦿  SIMBA  ⦿──⦿  |       INFO | 2026-05-20 17:09:11 | In Progress: Creating sea ice mass budget dataset from variables.
⦿──⦿  SIMBA  ⦿──⦿  |       INFO | 2026-05-20 17:09:11 | --> Completed: Opened 'areacello' variable.
⦿──⦿  SIMBA  ⦿──⦿  |       INFO | 2026-05-20 17:09:41 | --> Completed: Opened 'siconc' variable.
⦿──⦿  SIMBA  ⦿──⦿  |       INFO | 2026-05-20 17:10:05 | --> Completed: Opened 'sivol' variable.
⦿──⦿  SIMBA  ⦿──⦿  |       INFO | 2026-05-20 17:10:29 | --> Completed: Opened 'simass' variable.
⦿──⦿  SIMBA  ⦿──⦿  |       INFO | 2026-05-20 17:10:52 | --> Completed: Opened 'sidmassth' variable.
⦿──⦿  SIMBA  ⦿──⦿  |       INFO | 2026-05-20 17:11:16 | --> Completed: Opened 'sidmassdyn' variable.
⦿──⦿  SIMBA  ⦿──⦿  |       INFO | 2026-05-20 17:11:40 | --> Completed: Opened 'sidmassgrowthwat' variable.
⦿──⦿  SIMBA  ⦿──⦿  |       INFO | 2026-05-20 17:12:02 | --> Completed: Opened 'sidmassgrowthbot' variable.
⦿──⦿  SIMBA  ⦿──⦿  |       INFO | 2026-05-20 17:12:26 | --> Completed: Opened 'sidmasssi' variable.
⦿──⦿  SIMBA  ⦿──⦿  |       INFO | 2026-05-20 17:12:49 | --> Completed: Opened 'sidmassevapsubl' variable.
⦿──⦿  SIMBA  ⦿──⦿  |       INFO | 2026-05-20 17:13:13 | --> Completed: Opened 'sidmassmelttop' variable.
⦿──⦿  SIMBA  ⦿──⦿  |       INFO | 2026-05-20 17:13:37 | --> Completed: Opened 'sidmassmeltbot' variable.
⦿──⦿  SIMBA  ⦿──⦿  |       INFO | 2026-05-20 17:13:37 | --> Completed: Created sea ice mass budget dataset from variables.
⦿──⦿  SIMBA  ⦿──⦿  |       INFO | 2026-05-20 17:13:37 | ==== Sea Ice Mass Budget Calculation ====
⦿──⦿  SIMBA  ⦿──⦿  |       INFO | 2026-05-20 17:13:37 | In Progress: Calculating Regional Sea Ice Mass Budget...
⦿──⦿  SIMBA  ⦿──⦿  |       INFO | 2026-05-20 17:13:46 | Completed: Calculated Regional Sea Ice Mass Budget.
⦿──⦿  SIMBA  ⦿──⦿  |       INFO | 2026-05-20 17:13:46 | ==== Outputs ====
⦿──⦿  SIMBA  ⦿──⦿  |       INFO | 2026-05-20 17:13:46 | In Progress: Saving Sea Ice Mass Budget Analysis outputs to netCDF file...
⦿──⦿  SIMBA  ⦿──⦿  |       INFO | 2026-05-20 17:20:08 | Completed: Saved Sea Ice Mass Budget Analysis outputs to file -> /g100_work/optim_IAC/research/noc/otooth/OptimESM/WP5/SeaIceMassBudgetMIP/contributions/EC-Earth3-ESM1/outputs//EC-Earth3-ESM-1_SIMBA_SH_esm-up2p0_r1i1p1f1_1850-01-2199-12.nc
⦿──⦿  SIMBA  ⦿──⦿  |       INFO | 2026-05-20 17:20:08 | Completed: Succesfully closed all netcdf files.
⦿──⦿  SIMBA  ⦿──⦿  |       INFO | 2026-05-20 17:20:09 | ✔ SIMBA Completed ✔
⦿──⦿  SIMBA  ⦿──⦿  |       INFO | 2026-05-20 17:23:04 | 
   ⦿──⦿──⦿──⦿──⦿──⦿──⦿──⦿──⦿──⦿──⦿──⦿
       Sea Ice Mass Budget Analysis      
   ⦿──⦿──⦿──⦿──⦿──⦿──⦿──⦿──⦿──⦿──⦿──⦿

        version: 0.1.0


⦿──⦿  SIMBA  ⦿──⦿  |       INFO | 2026-05-20 17:23:04 | ==== Inputs ====
⦿──⦿  SIMBA  ⦿──⦿  |       INFO | 2026-05-20 17:23:04 | Completed: Read & validated config file -> ./configs/EC-Earth3-ESM1_esm-up2p0_config.toml
⦿──⦿  SIMBA  ⦿──⦿  |       INFO | 2026-05-20 17:23:04 | In Progress: Reading sea ice mass budget variables...
⦿──⦿  SIMBA  ⦿──⦿  |       INFO | 2026-05-20 17:23:04 | --> Completed: Opened 'mask' variable.
⦿──⦿  SIMBA  ⦿──⦿  |       INFO | 2026-05-20 17:23:04 | In Progress: Creating sea ice mass budget dataset from variables.
⦿──⦿  SIMBA  ⦿──⦿  |       INFO | 2026-05-20 17:23:04 | --> Completed: Opened 'areacello' variable.
⦿──⦿  SIMBA  ⦿──⦿  |       INFO | 2026-05-20 17:23:37 | --> Completed: Opened 'siconc' variable.
⦿──⦿  SIMBA  ⦿──⦿  |       INFO | 2026-05-20 17:24:05 | --> Completed: Opened 'sivol' variable.
⦿──⦿  SIMBA  ⦿──⦿  |       INFO | 2026-05-20 17:24:33 | --> Completed: Opened 'simass' variable.
⦿──⦿  SIMBA  ⦿──⦿  |       INFO | 2026-05-20 17:25:00 | --> Completed: Opened 'sidmassth' variable.
⦿──⦿  SIMBA  ⦿──⦿  |       INFO | 2026-05-20 17:25:28 | --> Completed: Opened 'sidmassdyn' variable.
⦿──⦿  SIMBA  ⦿──⦿  |       INFO | 2026-05-20 17:25:55 | --> Completed: Opened 'sidmassgrowthwat' variable.
⦿──⦿  SIMBA  ⦿──⦿  |       INFO | 2026-05-20 17:26:19 | --> Completed: Opened 'sidmassgrowthbot' variable.
⦿──⦿  SIMBA  ⦿──⦿  |       INFO | 2026-05-20 17:26:44 | --> Completed: Opened 'sidmasssi' variable.
⦿──⦿  SIMBA  ⦿──⦿  |       INFO | 2026-05-20 17:27:09 | --> Completed: Opened 'sidmassevapsubl' variable.
⦿──⦿  SIMBA  ⦿──⦿  |       INFO | 2026-05-20 17:27:34 | --> Completed: Opened 'sidmassmelttop' variable.
⦿──⦿  SIMBA  ⦿──⦿  |       INFO | 2026-05-20 17:27:59 | --> Completed: Opened 'sidmassmeltbot' variable.
⦿──⦿  SIMBA  ⦿──⦿  |       INFO | 2026-05-20 17:27:59 | --> Completed: Created sea ice mass budget dataset from variables.
⦿──⦿  SIMBA  ⦿──⦿  |       INFO | 2026-05-20 17:27:59 | ==== Sea Ice Mass Budget Calculation ====
⦿──⦿  SIMBA  ⦿──⦿  |       INFO | 2026-05-20 17:27:59 | In Progress: Calculating Regional Sea Ice Mass Budget...
⦿──⦿  SIMBA  ⦿──⦿  |       INFO | 2026-05-20 17:28:08 | Completed: Calculated Regional Sea Ice Mass Budget.
⦿──⦿  SIMBA  ⦿──⦿  |       INFO | 2026-05-20 17:28:08 | ==== Outputs ====
⦿──⦿  SIMBA  ⦿──⦿  |       INFO | 2026-05-20 17:28:08 | In Progress: Saving Sea Ice Mass Budget Analysis outputs to netCDF file...
⦿──⦿  SIMBA  ⦿──⦿  |       INFO | 2026-05-20 17:34:40 | Completed: Saved Sea Ice Mass Budget Analysis outputs to file -> /g100_work/optim_IAC/research/noc/otooth/OptimESM/WP5/SeaIceMassBudgetMIP/contributions/EC-Earth3-ESM1/outputs//EC-Earth3-ESM-1_SIMBA_SH_esm-up2p0_r2i1p1f1_1850-01-2199-12.nc
⦿──⦿  SIMBA  ⦿──⦿  |       INFO | 2026-05-20 17:34:40 | Completed: Succesfully closed all netcdf files.
⦿──⦿  SIMBA  ⦿──⦿  |       INFO | 2026-05-20 17:34:40 | ✔ SIMBA Completed ✔
⦿──⦿  SIMBA  ⦿──⦿  |       INFO | 2026-05-21 11:48:07 | 
   ⦿──⦿──⦿──⦿──⦿──⦿──⦿──⦿──⦿──⦿──⦿──⦿
       Sea Ice Mass Budget Analysis      
   ⦿──⦿──⦿──⦿──⦿──⦿──⦿──⦿──⦿──⦿──⦿──⦿

        version: 0.1.0


⦿──⦿  SIMBA  ⦿──⦿  |       INFO | 2026-05-21 11:48:07 | ==== Inputs ====
⦿──⦿  SIMBA  ⦿──⦿  |       INFO | 2026-05-21 11:48:07 | Completed: Read & validated config file -> ./configs/EC-Earth3-ESM1_esm-up2p0_config.toml
⦿──⦿  SIMBA  ⦿──⦿  |       INFO | 2026-05-21 11:48:07 | In Progress: Reading sea ice mass budget variables...
⦿──⦿  SIMBA  ⦿──⦿  |       INFO | 2026-05-21 11:48:10 | --> Completed: Opened 'mask' variable.
⦿──⦿  SIMBA  ⦿──⦿  |       INFO | 2026-05-21 11:48:10 | In Progress: Creating sea ice mass budget dataset from variables.
⦿──⦿  SIMBA  ⦿──⦿  |       INFO | 2026-05-21 11:48:10 | --> Completed: Opened 'areacello' variable.
⦿──⦿  SIMBA  ⦿──⦿  |       INFO | 2026-05-21 11:49:00 | --> Completed: Opened 'siconc' variable.
⦿──⦿  SIMBA  ⦿──⦿  |       INFO | 2026-05-21 11:49:27 | --> Completed: Opened 'sivol' variable.
⦿──⦿  SIMBA  ⦿──⦿  |       INFO | 2026-05-21 11:49:54 | --> Completed: Opened 'simass' variable.
⦿──⦿  SIMBA  ⦿──⦿  |       INFO | 2026-05-21 11:50:23 | --> Completed: Opened 'sidmassth' variable.
⦿──⦿  SIMBA  ⦿──⦿  |       INFO | 2026-05-21 11:50:50 | --> Completed: Opened 'sidmassdyn' variable.
⦿──⦿  SIMBA  ⦿──⦿  |       INFO | 2026-05-21 11:51:18 | --> Completed: Opened 'sidmassgrowthwat' variable.
⦿──⦿  SIMBA  ⦿──⦿  |       INFO | 2026-05-21 11:51:44 | --> Completed: Opened 'sidmassgrowthbot' variable.
⦿──⦿  SIMBA  ⦿──⦿  |       INFO | 2026-05-21 11:52:09 | --> Completed: Opened 'sidmasssi' variable.
⦿──⦿  SIMBA  ⦿──⦿  |       INFO | 2026-05-21 11:52:35 | --> Completed: Opened 'sidmassevapsubl' variable.
⦿──⦿  SIMBA  ⦿──⦿  |       INFO | 2026-05-21 11:53:02 | --> Completed: Opened 'sidmassmelttop' variable.
⦿──⦿  SIMBA  ⦿──⦿  |       INFO | 2026-05-21 11:53:28 | --> Completed: Opened 'sidmassmeltbot' variable.
⦿──⦿  SIMBA  ⦿──⦿  |       INFO | 2026-05-21 11:53:28 | --> Completed: Created sea ice mass budget dataset from variables.
⦿──⦿  SIMBA  ⦿──⦿  |       INFO | 2026-05-21 11:53:28 | ==== Sea Ice Mass Budget Calculation ====
⦿──⦿  SIMBA  ⦿──⦿  |       INFO | 2026-05-21 11:53:28 | In Progress: Calculating Regional Sea Ice Mass Budget...
⦿──⦿  SIMBA  ⦿──⦿  |       INFO | 2026-05-21 11:53:37 | Completed: Calculated Regional Sea Ice Mass Budget.
⦿──⦿  SIMBA  ⦿──⦿  |       INFO | 2026-05-21 11:53:37 | ==== Outputs ====
⦿──⦿  SIMBA  ⦿──⦿  |       INFO | 2026-05-21 11:53:37 | In Progress: Saving Sea Ice Mass Budget Analysis outputs to netCDF file...
⦿──⦿  SIMBA  ⦿──⦿  |       INFO | 2026-05-21 11:59:59 | Completed: Saved Sea Ice Mass Budget Analysis outputs to file -> /g100_work/optim_IAC/research/noc/otooth/OptimESM/WP5/SeaIceMassBudgetMIP/contributions/EC-Earth3-ESM1/outputs//EC-Earth3-ESM-1_SIMBA_SH_esm-up2p0_r3i1p1f1_1850-01-2199-12.nc
⦿──⦿  SIMBA  ⦿──⦿  |       INFO | 2026-05-21 11:59:59 | Completed: Succesfully closed all netcdf files.
⦿──⦿  SIMBA  ⦿──⦿  |       INFO | 2026-05-21 12:00:00 | ✔ SIMBA Completed ✔
⦿──⦿  SIMBA  ⦿──⦿  |       INFO | 2026-05-21 12:02:05 | 
   ⦿──⦿──⦿──⦿──⦿──⦿──⦿──⦿──⦿──⦿──⦿──⦿
       Sea Ice Mass Budget Analysis      
   ⦿──⦿──⦿──⦿──⦿──⦿──⦿──⦿──⦿──⦿──⦿──⦿

        version: 0.1.0


⦿──⦿  SIMBA  ⦿──⦿  |       INFO | 2026-05-21 12:02:05 | ==== Inputs ====
⦿──⦿  SIMBA  ⦿──⦿  |       INFO | 2026-05-21 12:02:05 | Completed: Read & validated config file -> ./configs/EC-Earth3-ESM1_esm-up2p0_config.toml
⦿──⦿  SIMBA  ⦿──⦿  |       INFO | 2026-05-21 12:02:05 | In Progress: Reading sea ice mass budget variables...
⦿──⦿  SIMBA  ⦿──⦿  |       INFO | 2026-05-21 12:02:05 | --> Completed: Opened 'mask' variable.
⦿──⦿  SIMBA  ⦿──⦿  |       INFO | 2026-05-21 12:02:05 | In Progress: Creating sea ice mass budget dataset from variables.
⦿──⦿  SIMBA  ⦿──⦿  |       INFO | 2026-05-21 12:02:05 | --> Completed: Opened 'areacello' variable.
⦿──⦿  SIMBA  ⦿──⦿  |       INFO | 2026-05-21 12:02:38 | --> Completed: Opened 'siconc' variable.
⦿──⦿  SIMBA  ⦿──⦿  |       INFO | 2026-05-21 12:03:06 | --> Completed: Opened 'sivol' variable.
⦿──⦿  SIMBA  ⦿──⦿  |       INFO | 2026-05-21 12:03:34 | --> Completed: Opened 'simass' variable.
⦿──⦿  SIMBA  ⦿──⦿  |       INFO | 2026-05-21 12:04:02 | --> Completed: Opened 'sidmassth' variable.
⦿──⦿  SIMBA  ⦿──⦿  |       INFO | 2026-05-21 12:04:31 | --> Completed: Opened 'sidmassdyn' variable.
⦿──⦿  SIMBA  ⦿──⦿  |       INFO | 2026-05-21 12:04:58 | --> Completed: Opened 'sidmassgrowthwat' variable.
⦿──⦿  SIMBA  ⦿──⦿  |       INFO | 2026-05-21 12:05:23 | --> Completed: Opened 'sidmassgrowthbot' variable.
⦿──⦿  SIMBA  ⦿──⦿  |       INFO | 2026-05-21 12:05:49 | --> Completed: Opened 'sidmasssi' variable.
⦿──⦿  SIMBA  ⦿──⦿  |       INFO | 2026-05-21 12:06:15 | --> Completed: Opened 'sidmassevapsubl' variable.
⦿──⦿  SIMBA  ⦿──⦿  |       INFO | 2026-05-21 12:06:42 | --> Completed: Opened 'sidmassmelttop' variable.
⦿──⦿  SIMBA  ⦿──⦿  |       INFO | 2026-05-21 12:07:08 | --> Completed: Opened 'sidmassmeltbot' variable.
⦿──⦿  SIMBA  ⦿──⦿  |       INFO | 2026-05-21 12:07:08 | --> Completed: Created sea ice mass budget dataset from variables.
⦿──⦿  SIMBA  ⦿──⦿  |       INFO | 2026-05-21 12:07:08 | ==== Sea Ice Mass Budget Calculation ====
⦿──⦿  SIMBA  ⦿──⦿  |       INFO | 2026-05-21 12:07:08 | In Progress: Calculating Regional Sea Ice Mass Budget...
⦿──⦿  SIMBA  ⦿──⦿  |       INFO | 2026-05-21 12:07:17 | Completed: Calculated Regional Sea Ice Mass Budget.
⦿──⦿  SIMBA  ⦿──⦿  |       INFO | 2026-05-21 12:07:17 | ==== Outputs ====
⦿──⦿  SIMBA  ⦿──⦿  |       INFO | 2026-05-21 12:07:17 | In Progress: Saving Sea Ice Mass Budget Analysis outputs to netCDF file...
⦿──⦿  SIMBA  ⦿──⦿  |       INFO | 2026-05-21 12:13:39 | Completed: Saved Sea Ice Mass Budget Analysis outputs to file -> /g100_work/optim_IAC/research/noc/otooth/OptimESM/WP5/SeaIceMassBudgetMIP/contributions/EC-Earth3-ESM1/outputs//EC-Earth3-ESM-1_SIMBA_SH_esm-up2p0_r4i1p1f1_1850-01-2199-12.nc
⦿──⦿  SIMBA  ⦿──⦿  |       INFO | 2026-05-21 12:13:39 | Completed: Succesfully closed all netcdf files.
⦿──⦿  SIMBA  ⦿──⦿  |       INFO | 2026-05-21 12:13:39 | ✔ SIMBA Completed ✔
⦿──⦿  SIMBA  ⦿──⦿  |       INFO | 2026-05-21 12:41:53 | 
   ⦿──⦿──⦿──⦿──⦿──⦿──⦿──⦿──⦿──⦿──⦿──⦿
       Sea Ice Mass Budget Analysis      
   ⦿──⦿──⦿──⦿──⦿──⦿──⦿──⦿──⦿──⦿──⦿──⦿

        version: 0.1.0


⦿──⦿  SIMBA  ⦿──⦿  |       INFO | 2026-05-21 12:41:53 | ==== Inputs ====
⦿──⦿  SIMBA  ⦿──⦿  |       INFO | 2026-05-21 12:41:53 | Completed: Read & validated config file -> ./configs/EC-Earth3-ESM1_esm-up2p0_config.toml
⦿──⦿  SIMBA  ⦿──⦿  |       INFO | 2026-05-21 12:41:53 | In Progress: Reading sea ice mass budget variables...
⦿──⦿  SIMBA  ⦿──⦿  |       INFO | 2026-05-21 12:41:53 | --> Completed: Opened 'mask' variable.
⦿──⦿  SIMBA  ⦿──⦿  |       INFO | 2026-05-21 12:41:53 | In Progress: Creating sea ice mass budget dataset from variables.
⦿──⦿  SIMBA  ⦿──⦿  |       INFO | 2026-05-21 12:41:53 | --> Completed: Opened 'areacello' variable.
⦿──⦿  SIMBA  ⦿──⦿  |       INFO | 2026-05-21 12:42:27 | --> Completed: Opened 'siconc' variable.
⦿──⦿  SIMBA  ⦿──⦿  |       INFO | 2026-05-21 12:43:01 | --> Completed: Opened 'sivol' variable.
⦿──⦿  SIMBA  ⦿──⦿  |       INFO | 2026-05-21 12:43:29 | --> Completed: Opened 'simass' variable.
⦿──⦿  SIMBA  ⦿──⦿  |       INFO | 2026-05-21 12:43:57 | --> Completed: Opened 'sidmassth' variable.
⦿──⦿  SIMBA  ⦿──⦿  |       INFO | 2026-05-21 12:44:25 | --> Completed: Opened 'sidmassdyn' variable.
⦿──⦿  SIMBA  ⦿──⦿  |       INFO | 2026-05-21 12:44:50 | --> Completed: Opened 'sidmassgrowthwat' variable.
⦿──⦿  SIMBA  ⦿──⦿  |       INFO | 2026-05-21 12:45:16 | --> Completed: Opened 'sidmassgrowthbot' variable.
⦿──⦿  SIMBA  ⦿──⦿  |       INFO | 2026-05-21 12:45:42 | --> Completed: Opened 'sidmasssi' variable.
⦿──⦿  SIMBA  ⦿──⦿  |       INFO | 2026-05-21 12:46:08 | --> Completed: Opened 'sidmassevapsubl' variable.
⦿──⦿  SIMBA  ⦿──⦿  |       INFO | 2026-05-21 12:46:33 | --> Completed: Opened 'sidmassmelttop' variable.
⦿──⦿  SIMBA  ⦿──⦿  |       INFO | 2026-05-21 12:47:00 | --> Completed: Opened 'sidmassmeltbot' variable.
⦿──⦿  SIMBA  ⦿──⦿  |       INFO | 2026-05-21 12:47:00 | --> Completed: Created sea ice mass budget dataset from variables.
⦿──⦿  SIMBA  ⦿──⦿  |       INFO | 2026-05-21 12:47:00 | ==== Sea Ice Mass Budget Calculation ====
⦿──⦿  SIMBA  ⦿──⦿  |       INFO | 2026-05-21 12:47:00 | In Progress: Calculating Regional Sea Ice Mass Budget...
⦿──⦿  SIMBA  ⦿──⦿  |       INFO | 2026-05-21 12:47:09 | Completed: Calculated Regional Sea Ice Mass Budget.
⦿──⦿  SIMBA  ⦿──⦿  |       INFO | 2026-05-21 12:47:09 | ==== Outputs ====
⦿──⦿  SIMBA  ⦿──⦿  |       INFO | 2026-05-21 12:47:09 | In Progress: Saving Sea Ice Mass Budget Analysis outputs to netCDF file...
⦿──⦿  SIMBA  ⦿──⦿  |       INFO | 2026-05-21 12:53:35 | Completed: Saved Sea Ice Mass Budget Analysis outputs to file -> /g100_work/optim_IAC/research/noc/otooth/OptimESM/WP5/SeaIceMassBudgetMIP/contributions/EC-Earth3-ESM1/outputs//EC-Earth3-ESM-1_SIMBA_SH_esm-up2p0_r5i1p1f1_1850-01-2199-12.nc
⦿──⦿  SIMBA  ⦿──⦿  |       INFO | 2026-05-21 12:53:35 | Completed: Succesfully closed all netcdf files.
⦿──⦿  SIMBA  ⦿──⦿  |       INFO | 2026-05-21 12:53:35 | ✔ SIMBA Completed ✔
